Customer ID,recency,frequency,monetary,R_score,F_score,M_score,segment,cancellation_rate,purchase_orders,cancelled_orders,true_champion
12346,164,11,372.86,2,5,2,At Risk,0.21428571428571427,11,3,False
12347,2,2,1323.32,5,2,4,Potential,0.0,2,0,False
12348,73,1,222.16,2,1,1,Lost,0.0,1,0,False
12349,42,3,2671.14,3,3,5,Loyal,0.25,3,1,False
12351,10,1,300.93,5,1,2,Potential,0.0,1,0,False
12352,10,2,343.8,5,2,2,Potential,0.0,2,0,False
12353,43,1,317.76,3,1,2,Potential,0.0,1,0,False
12355,202,1,488.21000000000004,1,1,2,Lost,0.0,1,0,False
12356,15,3,3560.3,4,3,5,Loyal,0.0,3,0,False
12357,23,2,12079.99,4,2,5,Potential,0.0,2,0,False
12358,10,3,2719.01,5,3,5,Loyal,0.0,3,0,False
12359,60,6,2563.36,3,4,5,Loyal,0.25,6,2,False
12360,14,5,1590.83,5,4,4,Champions,0.16666666666666666,5,1,True
12361,97,3,321.35,2,3,2,At Risk,0.0,3,0,False
12362,373,1,130.0,1,1,1,Lost,0.0,1,0,False
12366,268,1,500.24,1,1,3,Lost,0.0,1,0,False
12368,263,1,917.6999999999999,1,1,3,Lost,0.0,1,0,False
12369,48,3,1791.15,3,3,4,Loyal,0.0,3,0,False
12370,259,3,774.62,1,3,3,At Risk,0.0,3,0,False
12371,44,3,2179.42,3,3,5,Loyal,0.0,3,0,False
12373,259,2,763.0500000000001,1,2,3,Lost,0.0,2,0,False
12374,56,3,2246.29,3,3,5,Loyal,0.0,3,0,False
12376,24,2,503.15,4,2,3,Potential,0.0,2,0,False
12377,16,2,1798.2,4,2,4,Potential,0.0,2,0,False
12378,197,1,1407.7,1,1,4,Lost,0.0,1,0,False
12379,57,2,767.98,3,2,3,Potential,0.0,2,0,False
12380,100,6,5442.84,2,4,5,At Risk,0.25,6,2,False
12385,14,1,1938.4,5,1,4,Potential,0.5,1,1,False
12386,1,1,258.9,5,1,2,Potential,0.0,1,0,False
12387,50,1,143.94,3,1,1,Potential,0.0,1,0,False
12388,80,2,1120.45,2,2,4,Lost,0.0,2,0,False
12389,37,3,1433.33,3,3,4,Loyal,0.0,3,0,False
12391,99,5,2285.18,2,4,5,At Risk,0.16666666666666666,5,1,False
12392,226,1,234.75000000000003,1,1,1,Lost,0.0,1,0,False
12393,17,2,816.85,4,2,3,Potential,0.3333333333333333,2,1,False
12395,6,4,2048.64,5,4,4,Champions,0.0,4,0,True
12396,309,1,931.43,1,1,3,Lost,0.0,1,0,False
12399,20,3,853.65,4,3,3,Loyal,0.0,3,0,False
12400,49,1,205.25,3,1,1,Potential,0.0,1,0,False
12402,27,5,1031.3,4,4,4,Champions,0.16666666666666666,5,1,True
12403,156,1,591.6600000000001,2,1,3,Lost,0.0,1,0,False
12404,317,1,63.24,1,1,1,Lost,0.0,1,0,False
12406,34,3,2975.06,4,3,5,Loyal,0.25,3,1,False
12408,20,3,1452.22,4,3,4,Loyal,0.4,3,2,False
12409,55,4,12346.619999999999,3,4,5,Loyal,0.3333333333333333,4,2,False
12410,137,1,320.38,2,1,2,Lost,0.0,1,0,False
12411,44,1,346.9,3,1,2,Potential,0.0,1,0,False
12412,37,3,1370.05,3,3,4,Loyal,0.4,3,2,False
12413,37,1,241.35,3,1,1,Potential,0.0,1,0,False
12414,98,1,130.0,2,1,1,Lost,0.5,1,1,False
12415,10,4,19468.84,5,4,5,Champions,0.0,4,0,True
12416,291,1,202.56,1,1,1,Lost,0.0,1,0,False
12417,45,11,3148.31,3,5,5,Loyal,0.26666666666666666,11,4,False
12418,48,3,1352.62,3,3,4,Loyal,0.25,3,1,False
12419,20,2,503.01,4,2,3,Potential,0.0,2,0,False
12421,50,2,291.56,3,2,2,Potential,0.3333333333333333,2,1,False
12422,29,12,3369.79,4,5,5,Champions,0.14285714285714285,12,2,True
12423,22,2,763.08,4,2,3,Potential,0.0,2,0,False
12424,57,2,1579.07,3,2,4,Potential,0.6,2,3,False
12425,83,1,964.21,2,1,3,Lost,0.5,1,1,False
12426,297,1,762.48,1,1,3,Lost,0.5,1,1,False
12427,6,1,303.5,5,1,2,Potential,0.0,1,0,False
12429,0,5,3735.51,5,4,5,Champions,0.16666666666666666,5,1,True
12431,8,13,4370.52,5,5,5,Champions,0.1875,13,3,True
12433,1,5,7205.39,5,4,5,Champions,0.0,5,0,True
12434,16,1,297.29,4,1,2,Potential,0.0,1,0,False
12435,31,4,6096.04,4,4,5,Champions,0.0,4,0,True
12437,30,21,7731.99,4,5,5,Champions,0.25,21,7,False
12439,317,2,1142.88,1,2,4,Lost,0.3333333333333333,2,1,False
12440,97,2,859.2,2,2,3,Lost,0.3333333333333333,2,1,False
12441,1,1,173.55,5,1,1,Potential,0.0,1,0,False
12443,367,1,485.31,1,1,2,Lost,0.0,1,0,False
12445,55,1,301.58000000000004,3,1,2,Potential,0.5,1,1,False
12449,45,2,768.6,3,2,3,Potential,0.0,2,0,False
12450,34,3,490.32,4,3,2,Loyal,0.4,3,2,False
12451,98,3,3634.36,2,3,5,At Risk,0.25,3,1,False
12454,30,4,13151.44,4,4,5,Champions,0.42857142857142855,4,3,False
12455,80,4,3413.09,2,4,5,At Risk,0.0,4,0,False
12457,70,1,632.68,2,1,3,Lost,0.5,1,1,False
12458,62,2,830.09,3,2,3,Potential,0.0,2,0,False
12459,240,1,454.36,1,1,2,Lost,0.0,1,0,False
12460,91,1,326.65,2,1,2,Lost,0.0,1,0,False
12466,317,1,56.73,1,1,1,Lost,0.0,1,0,False
12467,58,1,132.8,3,1,1,Potential,0.5,1,1,False
12468,161,3,2941.2,2,3,5,At Risk,0.5714285714285714,3,4,False
12469,157,2,3070.54,2,2,5,Lost,0.0,2,0,False
12470,324,1,211.95,1,1,1,Lost,0.0,1,0,False
12471,9,47,20069.54,5,5,5,Champions,0.4050632911392405,47,32,False
12472,4,13,11308.48,5,5,5,Champions,0.5,13,13,False
12474,13,13,5048.66,5,5,5,Champions,0.48,13,12,False
12475,44,1,426.26,3,1,2,Potential,0.0,1,0,False
12476,31,12,7267.49,4,5,5,Champions,0.3333333333333333,12,6,False
12477,34,3,7056.63,4,3,5,Loyal,0.0,3,0,False
12480,34,3,2183.2200000000003,4,3,5,Loyal,0.25,3,1,False
12481,0,6,6765.07,5,4,5,Champions,0.25,6,2,False
12482,211,27,21941.72,1,5,5,At Risk,0.0,27,0,False
12483,13,11,2612.2000000000003,5,5,5,Champions,0.21428571428571427,11,3,False
12484,118,6,1826.78,2,4,4,At Risk,0.25,6,2,False
12485,164,1,708.1,2,1,3,Lost,0.0,1,0,False
12486,66,1,1037.28,3,1,4,Potential,0.0,1,0,False
12487,365,1,285.29999999999995,1,1,2,Lost,0.5,1,1,False
12490,13,11,4405.71,5,5,5,Champions,0.08333333333333333,11,1,True
12492,38,1,452.0,3,1,2,Potential,0.0,1,0,False
12494,0,3,626.77,5,3,3,Loyal,0.4,3,2,False
12495,275,1,357.4,1,1,2,Lost,0.5,1,1,False
12496,255,2,45.34,1,2,1,Lost,0.0,2,0,False
12497,35,2,5205.400000000001,4,2,5,Potential,0.3333333333333333,2,1,False
12499,195,1,393.72,1,1,2,Lost,0.0,1,0,False
12500,70,8,1697.39,2,5,4,At Risk,0.3333333333333333,8,4,False
12503,219,1,1126.0,1,1,4,Lost,0.0,1,0,False
12504,52,2,297.0,3,2,2,Potential,0.0,2,0,False
12505,43,1,955.2,3,1,3,Potential,0.5,1,1,False
12507,219,1,539.25,1,1,3,Lost,0.0,1,0,False
12510,94,5,2784.46,2,4,5,At Risk,0.5,5,5,False
12511,63,1,3084.02,3,1,5,Potential,0.5,1,1,False
12514,276,1,580.08,1,1,3,Lost,0.0,1,0,False
12516,65,2,1336.56,3,2,4,Potential,0.0,2,0,False
12519,111,1,385.7,2,1,2,Lost,0.5,1,1,False
12523,9,12,2562.58,5,5,5,Champions,0.29411764705882354,12,5,False
12524,23,9,6640.39,4,5,5,Champions,0.1,9,1,True
12525,133,3,973.73,2,3,3,At Risk,0.625,3,5,False
12527,129,2,386.8,2,2,2,Lost,0.0,2,0,False
12529,163,1,316.48,2,1,2,Lost,0.5,1,1,False
12530,50,5,2096.98,3,4,4,Loyal,0.2857142857142857,5,2,False
12531,321,1,1807.98,1,1,4,Lost,0.5,1,1,False
12533,262,2,1367.89,1,2,4,Lost,0.6666666666666666,2,4,False
12537,43,1,732.94,3,1,3,Potential,0.0,1,0,False
12538,13,1,276.5,5,1,2,Potential,0.0,1,0,False
12539,85,3,5646.400000000001,2,3,5,At Risk,0.0,3,0,False
12540,13,16,8854.25,5,5,5,Champions,0.058823529411764705,16,1,True
12542,119,2,481.88,2,2,2,Lost,0.5,2,2,False
12543,83,1,980.25,2,1,3,Lost,0.0,1,0,False
12547,135,1,175.78,2,1,1,Lost,0.0,1,0,False
12549,210,6,1575.68,1,4,4,At Risk,0.0,6,0,False
12553,20,2,916.47,4,2,3,Potential,0.3333333333333333,2,1,False
12554,83,1,468.5,2,1,2,Lost,0.0,1,0,False
12555,317,1,129.23,1,1,1,Lost,0.0,1,0,False
12557,6,4,6725.18,5,4,5,Champions,0.0,4,0,True
12562,20,2,1185.18,4,2,4,Potential,0.0,2,0,False
12563,43,1,249.24,3,1,1,Potential,0.0,1,0,False
12567,2,7,4308.58,5,5,5,Champions,0.125,7,1,True
12568,279,1,70.0,1,1,1,Lost,0.0,1,0,False
12570,317,1,77.52,1,1,1,Lost,0.0,1,0,False
12573,16,4,556.87,4,4,3,Champions,0.0,4,0,True
12575,92,2,622.8199999999999,2,2,3,Lost,0.0,2,0,False
12576,27,3,826.89,4,3,3,Loyal,0.4,3,2,False
12577,16,5,990.5,4,4,4,Champions,0.0,5,0,True
12578,20,2,1847.94,4,2,4,Potential,0.3333333333333333,2,1,False
12580,211,1,637.2,1,1,3,Lost,0.0,1,0,False
12582,57,2,1469.04,3,2,4,Potential,0.0,2,0,False
12583,8,13,7166.0599999999995,5,5,5,Champions,0.07142857142857142,13,1,True
12586,9,3,1865.73,5,3,4,Loyal,0.25,3,1,False
12588,34,3,743.88,4,3,3,Loyal,0.25,3,1,False
12589,56,5,2993.23,3,4,5,Loyal,0.2857142857142857,5,2,False
12591,25,2,886.1,4,2,3,Potential,0.0,2,0,False
12592,154,2,1430.04,2,2,4,Lost,0.0,2,0,False
12594,13,5,1751.89,5,4,4,Champions,0.16666666666666666,5,1,True
12595,139,1,299.02,2,1,2,Lost,0.0,1,0,False
12598,98,3,1511.01,2,3,4,At Risk,0.5,3,3,False
12599,16,6,1264.14,4,4,4,Champions,0.0,6,0,True
12600,6,12,2444.88,5,5,5,Champions,0.2,12,3,False
12601,39,1,104.19999999999999,3,1,1,Potential,0.0,1,0,False
12605,11,4,1232.95,5,4,4,Champions,0.2,4,1,False
12606,317,1,21.0,1,1,1,Lost,0.0,1,0,False
12608,39,1,415.79,3,1,2,Potential,0.0,1,0,False
12609,9,6,2309.01,5,4,5,Champions,0.14285714285714285,6,1,True
12613,23,5,3472.9900000000002,4,4,5,Champions,0.2857142857142857,5,2,False
12615,48,4,3449.79,3,4,5,Loyal,0.42857142857142855,4,3,False
12616,23,1,417.8,4,1,2,Potential,0.5,1,1,False
12619,195,1,140.14,1,1,1,Lost,0.0,1,0,False
12621,0,16,11086.14,5,5,5,Champions,0.2727272727272727,16,6,False
12623,51,6,3442.7400000000002,3,4,5,Loyal,0.25,6,2,False
12625,144,2,2481.06,2,2,5,Lost,0.0,2,0,False
12629,20,2,1558.22,4,2,4,Potential,0.0,2,0,False
12631,91,5,2841.07,2,4,5,At Risk,0.16666666666666666,5,1,False
12632,155,2,804.88,2,2,3,Lost,0.5,2,2,False
12633,17,3,3514.18,4,3,5,Loyal,0.4,3,2,False
12634,170,2,490.0,2,2,2,Lost,0.0,2,0,False
12635,27,2,1241.23,4,2,4,Potential,0.0,2,0,False
12636,373,1,141.0,1,1,1,Lost,0.0,1,0,False
12637,13,4,2280.91,5,4,5,Champions,0.0,4,0,True
12638,274,1,249.8,1,1,1,Lost,0.0,1,0,False
12639,69,2,826.27,3,2,3,Potential,0.0,2,0,False
12643,20,6,4960.18,4,4,5,Champions,0.25,6,2,False
12644,65,3,1440.58,3,3,4,Loyal,0.4,3,2,False
12645,44,4,1764.12,3,4,4,Loyal,0.2,4,1,False
12647,2,27,14201.53,5,5,5,Champions,0.22857142857142856,27,8,False
12648,72,3,793.95,2,3,3,At Risk,0.25,3,1,False
12649,17,5,1671.1399999999999,4,4,4,Champions,0.2857142857142857,5,2,False
12651,13,3,263.75,5,3,2,Loyal,0.25,3,1,False
12652,69,1,97.05000000000001,3,1,1,Potential,0.0,1,0,False
12653,161,1,1950.98,2,1,4,Lost,0.0,1,0,False
12655,58,1,261.35,3,1,2,Potential,0.0,1,0,False
12656,60,3,2356.66,3,3,5,Loyal,0.25,3,1,False
12661,71,1,162.0,2,1,1,Lost,0.0,1,0,False
12662,8,10,3138.2400000000002,5,5,5,Champions,0.09090909090909091,10,1,True
12663,259,2,239.4,1,2,1,Lost,0.3333333333333333,2,1,False
12664,149,2,1188.16,2,2,4,Lost,0.0,2,0,False
12665,52,2,250.6,3,2,2,Potential,0.3333333333333333,2,1,False
12666,29,1,1248.42,4,1,4,Potential,0.0,1,0,False
12668,13,6,7575.88,5,4,5,Champions,0.0,6,0,True
12670,20,2,764.24,4,2,3,Potential,0.0,2,0,False
12671,241,1,2622.481,1,1,5,Lost,0.0,1,0,False
12672,230,1,211.15,1,1,1,Lost,0.5,1,1,False
12673,36,1,619.5,3,1,3,Potential,0.0,1,0,False
12675,188,2,957.25,1,2,3,Lost,0.5,2,2,False
12676,43,5,1511.7,3,4,4,Loyal,0.16666666666666666,5,1,False
12677,190,2,395.1,1,2,2,Lost,0.3333333333333333,2,1,False
12678,10,9,16652.72,5,5,5,Champions,0.1,9,1,True
12681,2,24,17080.74,5,5,5,Champions,0.2,24,6,False
12682,0,23,11745.69,5,5,5,Champions,0.041666666666666664,23,1,True
12683,0,8,4220.21,5,5,5,Champions,0.1111111111111111,8,1,True
12686,6,1,89.14,5,1,1,Potential,0.0,1,0,False
12687,115,2,2138.91,2,2,5,Lost,0.0,2,0,False
12691,55,1,134.6,3,1,1,Potential,0.0,1,0,False
12692,272,1,110.95,1,1,1,Lost,0.0,1,0,False
12693,31,3,847.11,4,3,3,Loyal,0.4,3,2,False
12694,56,1,973.68,3,1,3,Potential,0.5,1,1,False
12695,163,3,825.02,2,3,3,At Risk,0.0,3,0,False
12696,69,2,851.91,3,2,3,Potential,0.3333333333333333,2,1,False
12698,225,1,339.75,1,1,2,Lost,0.0,1,0,False
12699,52,1,638.11,3,1,3,Potential,0.0,1,0,False
12701,164,4,1648.7,2,4,4,At Risk,0.0,4,0,False
12703,268,3,722.98,1,3,3,At Risk,0.4,3,2,False
12705,18,5,4893.81,4,4,5,Champions,0.375,5,3,False
12708,3,9,2601.19,5,5,5,Champions,0.4,9,6,False
12709,1,20,21107.94,5,5,5,Champions,0.3333333333333333,20,10,False
12711,246,2,1339.05,1,2,4,Lost,0.0,2,0,False
12712,0,10,2797.53,5,5,5,Champions,0.2857142857142857,10,4,False
12714,23,7,9384.85,4,5,5,Champions,0.0,7,0,True
12717,225,1,277.93,1,1,2,Lost,0.0,1,0,False
12720,4,6,2478.94,5,4,5,Champions,0.5384615384615384,6,7,False
12721,20,2,1356.95,4,2,4,Potential,0.5,2,2,False
12724,18,3,1286.11,4,3,4,Loyal,0.0,3,0,False
12725,6,4,2266.76,5,4,5,Champions,0.0,4,0,True
12726,22,4,1405.5,4,4,4,Champions,0.0,4,0,True
12727,77,3,1698.8300000000002,2,3,4,At Risk,0.0,3,0,False
12728,18,1,233.84,4,1,1,Potential,0.0,1,0,False
12730,156,1,829.25,2,1,3,Lost,0.0,1,0,False
12731,77,5,6879.8,2,4,5,At Risk,0.0,5,0,False
12733,24,3,2040.07,4,3,4,Loyal,0.4,3,2,False
12734,9,2,529.25,5,2,3,Potential,0.0,2,0,False
12737,133,1,100.0,2,1,1,Lost,0.0,1,0,False
12738,7,1,155.35,5,1,1,Potential,0.0,1,0,False
12739,20,2,1460.69,4,2,4,Potential,0.0,2,0,False
12741,164,2,406.07,2,2,2,Lost,0.0,2,0,False
12742,260,1,1201.52,1,1,4,Lost,0.5,1,1,False
12744,94,4,4037.77,2,4,5,At Risk,0.0,4,0,False
12745,121,3,925.41,2,3,3,At Risk,0.0,3,0,False
12746,175,1,254.55,2,1,2,Lost,0.6666666666666666,1,2,False
12747,4,16,5061.03,5,5,5,Champions,0.2727272727272727,16,6,False
12748,0,136,20222.6,5,5,5,Champions,0.08108108108108109,136,12,True
12749,34,4,2806.48,4,4,5,Champions,0.5,4,4,False
12751,79,1,268.27,2,1,2,Lost,0.0,1,0,False
12755,0,10,5218.709999999999,5,5,5,Champions,0.47368421052631576,10,9,False
12758,94,5,7111.650000000001,2,4,5,At Risk,0.16666666666666666,5,1,False
12759,21,5,3489.3,4,4,5,Champions,0.0,5,0,True
12760,90,1,347.8,2,1,2,Lost,0.0,1,0,False
12761,99,1,757.95,2,1,3,Lost,0.0,1,0,False
12763,4,1,320.08,5,1,2,Potential,0.0,1,0,False
12765,107,6,1404.58,2,4,4,At Risk,0.0,6,0,False
12766,1,3,3078.65,5,3,5,Loyal,0.4,3,2,False
12767,10,1,949.82,5,1,3,Potential,0.0,1,0,False
12768,85,1,168.69000000000003,2,1,1,Lost,0.5,1,1,False
12770,91,1,1895.0,2,1,4,Lost,0.8333333333333334,1,5,False
12771,120,1,282.3,2,1,2,Lost,0.5,1,1,False
12773,199,1,124.25,1,1,1,Lost,0.5,1,1,False
12774,170,1,98.7,2,1,1,Lost,0.0,1,0,False
12775,23,2,300.08,4,2,2,Potential,0.0,2,0,False
12776,302,1,55.5,1,1,1,Lost,0.0,1,0,False
12777,92,1,519.45,2,1,3,Lost,0.0,1,0,False
12778,31,3,953.45,4,3,3,Loyal,0.0,3,0,False
12779,6,7,2740.91,5,5,5,Champions,0.3,7,3,False
12780,233,1,337.4,1,1,2,Lost,0.0,1,0,False
12782,9,6,2287.32,5,4,5,Champions,0.25,6,2,False
12784,164,1,1230.33,2,1,4,Lost,0.0,1,0,False
12785,170,2,788.45,2,2,3,Lost,0.3333333333333333,2,1,False
12786,244,1,728.5,1,1,3,Lost,0.0,1,0,False
12787,48,1,398.52,3,1,2,Potential,0.5,1,1,False
12788,98,4,444.9,2,4,2,At Risk,0.0,4,0,False
12789,147,2,181.5,2,2,1,Lost,0.0,2,0,False
12790,45,1,266.93,3,1,2,Potential,0.5,1,1,False
12791,8,5,731.83,5,4,3,Champions,0.0,5,0,True
12792,169,1,426.47,2,1,2,Lost,0.5,1,1,False
12793,6,2,471.85,5,2,2,Potential,0.0,2,0,False
12796,263,1,381.0,1,1,2,Lost,0.0,1,0,False
12797,0,2,552.08,5,2,3,Potential,0.5,2,2,False
12798,56,1,1533.8899999999999,3,1,4,Potential,0.0,1,0,False
12799,164,1,219.35,2,1,1,Lost,0.0,1,0,False
12800,105,3,584.25,2,3,3,At Risk,0.0,3,0,False
12801,135,1,1071.82,2,1,4,Lost,0.5,1,1,False
12802,79,4,1968.84,2,4,4,At Risk,0.2,4,1,False
12803,28,1,1092.81,4,1,4,Potential,0.0,1,0,False
12804,100,2,325.37,2,2,2,Lost,0.0,2,0,False
12805,16,4,1434.95,4,4,4,Champions,0.0,4,0,True
12806,70,3,2858.96,2,3,5,At Risk,0.0,3,0,False
12807,18,1,330.35,4,1,2,Potential,0.6666666666666666,1,2,False
12808,3,3,422.45,5,3,2,Loyal,0.0,3,0,False
12809,200,2,1266.63,1,2,4,Lost,0.6666666666666666,2,4,False
12810,169,2,534.99,2,2,3,Lost,0.0,2,0,False
12811,13,2,519.05,5,2,3,Potential,0.0,2,0,False
12813,136,3,1687.8,2,3,4,At Risk,0.0,3,0,False
12817,34,2,524.94,4,2,3,Potential,0.0,2,0,False
12819,93,1,540.52,2,1,3,Lost,0.0,1,0,False
12820,32,7,1747.18,4,5,4,Champions,0.2222222222222222,7,2,False
12821,246,1,128.07999999999998,1,1,1,Lost,0.0,1,0,False
12823,29,13,4742.0,4,5,5,Champions,0.0,13,0,True
12825,156,2,518.63,2,2,3,Lost,0.0,2,0,False
12826,0,6,1481.03,5,4,4,Champions,0.25,6,2,False
12829,185,1,92.30000000000001,1,1,1,Lost,0.0,1,0,False
12831,98,2,236.06,2,2,1,Lost,0.0,2,0,False
12835,62,41,5996.83,3,5,5,Loyal,0.16326530612244897,41,8,False
12836,24,11,3949.37,4,5,5,Champions,0.15384615384615385,11,2,True
12837,204,1,528.5600000000001,1,1,3,Lost,0.0,1,0,False
12838,8,9,2694.75,5,5,5,Champions,0.18181818181818182,9,2,True
12839,2,13,4480.31,5,5,5,Champions,0.1875,13,3,True
12840,72,3,1315.2,2,3,4,At Risk,0.4,3,2,False
12841,4,17,3472.61,5,5,5,Champions,0.05555555555555555,17,1,True
12842,39,2,799.0,3,2,3,Potential,0.0,2,0,False
12843,17,22,4881.1,4,5,5,Champions,0.12,22,3,True
12844,77,2,322.64,2,2,2,Lost,0.0,2,0,False
12846,317,1,15.58,1,1,1,Lost,0.0,1,0,False
12847,22,1,765.36,4,1,3,Potential,0.0,1,0,False
12848,310,1,208.0,1,1,1,Lost,0.0,1,0,False
12849,16,4,2023.33,4,4,4,Champions,0.0,4,0,True
12850,80,1,330.0,2,1,2,Lost,0.0,1,0,False
12851,112,1,148.95,2,1,1,Lost,0.0,1,0,False
12853,62,5,1950.4,3,4,4,Loyal,0.2857142857142857,5,2,False
12854,196,4,1654.72,1,4,4,At Risk,0.3333333333333333,4,2,False
12855,7,4,612.84,5,4,3,Champions,0.0,4,0,True
12857,71,4,2581.6,2,4,5,At Risk,0.2,4,1,False
12858,18,1,147.27,4,1,1,Potential,0.5,1,1,False
12859,93,1,575.1,2,1,3,Lost,0.0,1,0,False
12860,328,1,54.22,1,1,1,Lost,0.0,1,0,False
12861,254,1,68.25,1,1,1,Lost,0.0,1,0,False
12862,60,2,984.62,3,2,4,Potential,0.0,2,0,False
12863,14,5,2271.35,5,4,5,Champions,0.0,5,0,True
12864,143,1,152.45,2,1,1,Lost,0.0,1,0,False
12865,13,2,1755.24,5,2,4,Potential,0.0,2,0,False
12866,109,2,668.23,2,2,3,Lost,0.0,2,0,False
12867,32,6,3819.92,4,4,5,Champions,0.0,6,0,True
12868,8,3,640.0,5,3,3,Loyal,0.0,3,0,False
12869,316,1,337.66999999999996,1,1,2,Lost,0.0,1,0,False
12870,10,3,1676.95,5,3,4,Loyal,0.25,3,1,False
12871,74,1,363.38,2,1,2,Lost,0.0,1,0,False
12872,0,11,3062.52,5,5,5,Champions,0.08333333333333333,11,1,True
12873,32,2,1653.3,4,2,4,Potential,0.0,2,0,False
12874,20,2,948.42,4,2,3,Potential,0.3333333333333333,2,1,False
12875,106,3,1013.76,2,3,4,At Risk,0.0,3,0,False
12876,29,2,1863.77,4,2,4,Potential,0.3333333333333333,2,1,False
12877,36,8,1406.3700000000001,3,5,4,Loyal,0.0,8,0,False
12880,16,2,640.13,4,2,3,Potential,0.0,2,0,False
12887,18,1,222.4,4,1,1,Potential,0.0,1,0,False
12889,16,4,385.46000000000004,4,4,2,Champions,0.3333333333333333,4,2,False
12890,22,1,329.3,4,1,2,Potential,0.0,1,0,False
12891,93,8,509.5,2,5,3,At Risk,0.1111111111111111,8,1,False
12892,31,1,263.38,4,1,2,Potential,0.0,1,0,False
12894,210,1,157.35,1,1,1,Lost,0.0,1,0,False
12897,16,2,297.75,4,2,2,Potential,0.0,2,0,False
12898,98,2,296.21000000000004,2,2,2,Lost,0.0,2,0,False
12899,48,1,366.4,3,1,2,Potential,0.0,1,0,False
12900,57,1,340.33,3,1,2,Potential,0.0,1,0,False
12903,63,1,833.53,3,1,3,Potential,0.0,1,0,False
12905,211,2,1018.42,1,2,4,Lost,0.3333333333333333,2,1,False
12907,30,2,508.91,4,2,3,Potential,0.3333333333333333,2,1,False
12908,15,3,1026.0,4,3,4,Loyal,0.0,3,0,False
12909,59,3,924.52,3,3,3,Loyal,0.4,3,2,False
12910,14,5,2721.48,5,4,5,Champions,0.16666666666666666,5,1,True
12911,186,1,1651.72,1,1,4,Lost,0.0,1,0,False
12913,3,9,4217.2300000000005,5,5,5,Champions,0.0,9,0,True
12914,35,1,223.98,4,1,1,Potential,0.0,1,0,False
12915,7,3,811.1,5,3,3,Loyal,0.5714285714285714,3,4,False
12916,77,3,1534.78,2,3,4,At Risk,0.0,3,0,False
12917,35,5,3765.2,4,4,5,Champions,0.2857142857142857,5,2,False
12920,206,3,323.86,1,3,2,At Risk,0.0,3,0,False
12921,1,39,19333.95,5,5,5,Champions,0.2909090909090909,39,16,False
12923,25,2,597.6,4,2,3,Potential,0.0,2,0,False
12924,28,8,1535.7,4,5,4,Champions,0.1111111111111111,8,1,True
12925,227,1,35.28,1,1,1,Lost,0.0,1,0,False
12926,46,4,1523.59,3,4,4,Loyal,0.0,4,0,False
12927,29,1,197.31,4,1,1,Potential,0.0,1,0,False
12928,13,7,2242.19,5,5,5,Champions,0.0,7,0,True
12931,15,42,50291.38,4,5,5,Champions,0.17647058823529413,42,9,True
12932,174,8,1698.56,2,5,4,At Risk,0.0,8,0,False
12933,15,5,1029.1,4,4,4,Champions,0.2857142857142857,5,2,False
12934,371,1,181.65,1,1,1,Lost,0.0,1,0,False
12935,10,8,2083.16,5,5,4,Champions,0.2727272727272727,8,3,False
12937,98,5,1593.34,2,4,4,At Risk,0.0,5,0,False
12939,14,12,13683.0,5,5,5,Champions,0.0,12,0,True
12941,359,1,377.49,1,1,2,Lost,0.0,1,0,False
12942,0,1,258.75,5,1,2,Potential,0.0,1,0,False
12943,193,2,496.5,1,2,2,Lost,0.3333333333333333,2,1,False
12945,291,1,437.16,1,1,2,Lost,0.0,1,0,False
12946,71,1,324.45,2,1,2,Lost,0.0,1,0,False
12947,8,1,304.04,5,1,2,Potential,0.0,1,0,False
12948,365,2,252.48000000000002,1,2,2,Lost,0.0,2,0,False
12949,17,14,11359.48,4,5,5,Champions,0.2222222222222222,14,4,False
12951,21,9,2149.65,4,5,5,Champions,0.25,9,3,False
12953,157,1,498.96000000000004,2,1,3,Lost,0.0,1,0,False
12954,273,1,162.45,1,1,1,Lost,0.0,1,0,False
12956,319,3,413.82,1,3,2,At Risk,0.0,3,0,False
12957,176,5,4689.43,1,4,5,At Risk,0.4444444444444444,5,4,False
12958,35,2,467.34,4,2,2,Potential,0.0,2,0,False
12959,119,1,150.95,2,1,1,Lost,0.0,1,0,False
12960,48,4,1322.07,3,4,4,Loyal,0.0,4,0,False
12961,14,1,211.99,5,1,1,Potential,0.0,1,0,False
12963,0,5,1744.96,5,4,4,Champions,0.16666666666666666,5,1,True
12964,72,1,132.24,2,1,1,Lost,0.0,1,0,False
12967,6,2,2646.02,5,2,5,Potential,0.0,2,0,False
12969,237,1,122.45,1,1,1,Lost,0.0,1,0,False
12970,15,6,1047.07,4,4,4,Champions,0.0,6,0,True
12971,1,33,4782.88,5,5,5,Champions,0.029411764705882353,33,1,True
12972,48,4,1161.2,3,4,4,Loyal,0.3333333333333333,4,2,False
12973,48,1,385.55,3,1,2,Potential,0.0,1,0,False
12974,200,1,264.15,1,1,2,Lost,0.0,1,0,False
12975,71,6,2100.09,2,4,4,At Risk,0.25,6,2,False
12976,13,7,2417.7799999999997,5,5,5,Champions,0.0,7,0,True
12977,136,3,474.64,2,3,2,At Risk,0.0,3,0,False
12978,20,5,2502.82,4,4,5,Champions,0.16666666666666666,5,1,True
12979,364,1,517.7,1,1,3,Lost,0.5,1,1,False
12980,21,12,8870.880000000001,4,5,5,Champions,0.14285714285714285,12,2,True
12982,29,7,2354.27,4,5,5,Champions,0.5333333333333333,7,8,False
12983,233,1,490.08000000000004,1,1,2,Lost,0.0,1,0,False
12986,63,10,2729.84,3,5,5,Loyal,0.16666666666666666,10,2,False
12987,55,3,753.51,3,3,3,Loyal,0.0,3,0,False
12989,59,18,6627.64,3,5,5,Loyal,0.1,18,2,False
12990,52,4,546.0,3,4,3,Loyal,0.0,4,0,False
12991,24,1,261.06,4,1,2,Potential,0.0,1,0,False
12992,360,1,93.35000000000001,1,1,1,Lost,0.0,1,0,False
12993,80,4,844.87,2,4,3,At Risk,0.3333333333333333,4,2,False
12996,10,1,355.5,5,1,2,Potential,0.0,1,0,False
12997,29,4,884.02,4,4,3,Champions,0.5555555555555556,4,5,False
12998,127,3,920.08,2,3,3,At Risk,0.25,3,1,False
13000,360,1,497.65000000000003,1,1,2,Lost,0.5,1,1,False
13001,39,20,14256.68,3,5,5,Loyal,0.09090909090909091,20,2,False
13002,51,2,293.18,3,2,2,Potential,0.0,2,0,False
13004,21,18,5994.94,4,5,5,Champions,0.25,18,6,False
13005,66,2,485.98,3,2,2,Potential,0.3333333333333333,2,1,False
13007,214,1,175.25,1,1,1,Lost,0.0,1,0,False
13008,32,2,382.66,4,2,2,Potential,0.6,2,3,False
13009,307,1,234.0,1,1,1,Lost,0.0,1,0,False
13010,9,2,330.12,5,2,2,Potential,0.0,2,0,False
13011,7,1,50.550000000000004,5,1,1,Potential,0.0,1,0,False
13012,64,3,1310.99,3,3,4,Loyal,0.25,3,1,False
13013,6,18,7814.83,5,5,5,Champions,0.0,18,0,True
13014,67,1,1914.8,3,1,4,Potential,0.5,1,1,False
13015,73,6,3240.14,2,4,5,At Risk,0.3333333333333333,6,3,False
13018,48,7,2485.46,3,5,5,Loyal,0.125,7,1,False
13019,14,6,1229.95,5,4,4,Champions,0.25,6,2,False
13020,197,2,618.96,1,2,3,Lost,0.6,2,3,False
13021,9,8,2270.86,5,5,5,Champions,0.38461538461538464,8,5,False
13022,64,1,65.3,3,1,1,Potential,0.0,1,0,False
13023,163,1,759.13,2,1,3,Lost,0.0,1,0,False
13024,105,2,555.87,2,2,3,Lost,0.3333333333333333,2,1,False
13025,366,1,323.39,1,1,2,Lost,0.0,1,0,False
13026,123,4,757.72,2,4,3,At Risk,0.2,4,1,False
13027,20,13,10327.2,4,5,5,Champions,0.13333333333333333,13,2,True
13029,9,2,679.8,5,2,3,Potential,0.0,2,0,False
13030,3,1,402.36,5,1,2,Potential,0.0,1,0,False
13031,42,5,3292.84,3,4,5,Loyal,0.0,5,0,False
13032,27,7,1805.78,4,5,4,Champions,0.125,7,1,True
13033,64,1,30.0,3,1,1,Potential,0.0,1,0,False
13034,4,2,279.91,5,2,2,Potential,0.0,2,0,False
13035,66,1,442.32,3,1,2,Potential,0.0,1,0,False
13036,319,1,307.1,1,1,2,Lost,0.0,1,0,False
13037,34,9,3033.88,4,5,5,Champions,0.3076923076923077,9,4,False
13039,219,4,1010.73,1,4,4,At Risk,0.0,4,0,False
13041,85,4,799.13,2,4,3,At Risk,0.0,4,0,False
13042,233,3,1488.59,1,3,4,At Risk,0.25,3,1,False
13044,127,10,4287.58,2,5,5,At Risk,0.16666666666666666,10,2,False
13045,36,2,503.64,3,2,3,Potential,0.0,2,0,False
13046,91,1,319.94,2,1,2,Lost,0.0,1,0,False
13047,8,17,5557.62,5,5,5,Champions,0.37037037037037035,17,10,False
13048,71,5,2229.72,2,4,5,At Risk,0.375,5,3,False
13049,24,2,751.5600000000001,4,2,3,Potential,0.3333333333333333,2,1,False
13050,1,18,6372.19,5,5,5,Champions,0.3333333333333333,18,9,False
13051,213,2,155.8,1,2,1,Lost,0.0,2,0,False
13052,55,6,2770.33,3,4,5,Loyal,0.0,6,0,False
13053,256,1,127.65,1,1,1,Lost,0.0,1,0,False
13055,64,1,1106.7,3,1,4,Potential,0.5,1,1,False
13056,186,1,209.48,1,1,1,Lost,0.0,1,0,False
13057,165,3,709.59,2,3,3,At Risk,0.25,3,1,False
13059,48,9,2108.37,3,5,4,Loyal,0.18181818181818182,9,2,False
13063,115,1,188.4,2,1,1,Lost,0.0,1,0,False
13064,185,2,561.25,1,2,3,Lost,0.0,2,0,False
13065,8,5,1055.05,5,4,4,Champions,0.16666666666666666,5,1,True
13067,44,2,393.05,3,2,2,Potential,0.0,2,0,False
13069,4,16,5185.51,5,5,5,Champions,0.058823529411764705,16,1,True
13070,94,3,522.9,2,3,3,At Risk,0.25,3,1,False
13071,247,1,129.22,1,1,1,Lost,0.0,1,0,False
13073,46,2,418.08,3,2,2,Potential,0.0,2,0,False
13074,146,4,1378.74,2,4,4,At Risk,0.2,4,1,False
13076,92,1,135.4,2,1,1,Lost,0.0,1,0,False
13077,1,8,2326.35,5,5,5,Champions,0.2727272727272727,8,3,False
13078,1,32,16904.510000000002,5,5,5,Champions,0.39622641509433965,32,21,False
13079,52,1,199.08,3,1,1,Potential,0.0,1,0,False
13080,36,3,222.65,3,3,1,Loyal,0.25,3,1,False
13081,6,19,30867.77,5,5,5,Champions,0.24,19,6,False
13082,59,12,3722.12,3,5,5,Loyal,0.2,12,3,False
13083,60,1,91.67999999999999,3,1,1,Potential,0.0,1,0,False
13084,126,1,122.39999999999999,2,1,1,Lost,0.5,1,1,False
13085,314,6,2017.2,1,4,4,At Risk,0.0,6,0,False
13086,17,1,439.33000000000004,4,1,2,Potential,0.0,1,0,False
13087,361,1,313.64,1,1,2,Lost,0.0,1,0,False
13088,52,1,236.11,3,1,1,Potential,0.0,1,0,False
13089,3,109,57885.45,5,5,5,Champions,0.17424242424242425,109,23,True
13090,0,12,5174.32,5,5,5,Champions,0.14285714285714285,12,2,True
13091,364,1,762.98,1,1,3,Lost,0.6666666666666666,1,2,False
13092,49,7,1662.45,3,5,4,Loyal,0.2222222222222222,7,2,False
13093,8,48,47111.18,5,5,5,Champions,0.3684210526315789,48,28,False
13094,3,2,505.8,5,2,3,Potential,0.0,2,0,False
13096,29,1,419.70000000000005,4,1,2,Potential,0.0,1,0,False
13097,23,17,7012.14,4,5,5,Champions,0.2916666666666667,17,7,False
13101,133,3,594.21,2,3,3,At Risk,0.0,3,0,False
13102,0,14,5272.83,5,5,5,Champions,0.125,14,2,True
13103,72,2,465.70000000000005,2,2,2,Lost,0.0,2,0,False
13104,50,3,610.62,3,3,3,Loyal,0.0,3,0,False
13105,71,1,72.0,2,1,1,Lost,0.0,1,0,False
13106,48,1,526.96,3,1,3,Potential,0.0,1,0,False
13107,48,5,3721.45,3,4,5,Loyal,0.5,5,5,False
13108,7,2,748.46,5,2,3,Potential,0.0,2,0,False
13109,186,1,347.49,1,1,2,Lost,0.5,1,1,False
13110,72,5,1468.8000000000002,2,4,4,At Risk,0.16666666666666666,5,1,False
13111,353,1,321.88000000000005,1,1,2,Lost,0.0,1,0,False
13112,176,1,20.6,1,1,1,Lost,0.6666666666666666,1,2,False
13113,1,14,6357.08,5,5,5,Champions,0.36363636363636365,14,8,False
13114,365,1,234.38,1,1,1,Lost,0.0,1,0,False
13115,14,6,3199.92,5,4,5,Champions,0.4,6,4,False
13117,0,12,1658.8999999999999,5,5,4,Champions,0.07692307692307693,12,1,True
13118,11,4,1217.6,5,4,4,Champions,0.2,4,1,False
13119,303,1,134.9,1,1,1,Lost,0.0,1,0,False
13123,107,2,506.75,2,2,3,Lost,0.0,2,0,False
13124,20,1,885.33,4,1,3,Potential,0.0,1,0,False
13125,158,1,148.62,2,1,1,Lost,0.0,1,0,False
13126,1,7,1898.6100000000001,5,5,4,Champions,0.36363636363636365,7,4,False
13128,266,1,263.5,1,1,2,Lost,0.0,1,0,False
13129,87,2,233.25,2,2,1,Lost,0.0,2,0,False
13131,53,4,2240.47,3,4,5,Loyal,0.0,4,0,False
13133,94,1,90.65,2,1,1,Lost,0.0,1,0,False
13134,37,2,681.65,3,2,3,Potential,0.0,2,0,False
13135,126,1,275.45,2,1,2,Lost,0.0,1,0,False
13136,10,8,3666.9500000000003,5,5,5,Champions,0.42857142857142855,8,6,False
13137,21,8,3983.65,4,5,5,Champions,0.0,8,0,True
13138,7,2,504.85,5,2,3,Potential,0.3333333333333333,2,1,False
13139,72,1,3138.04,2,1,5,Lost,0.0,1,0,False
13140,1,3,790.71,5,3,3,Loyal,0.0,3,0,False
13141,20,12,5267.33,4,5,5,Champions,0.2,12,3,False
13143,219,1,405.1,1,1,2,Lost,0.5,1,1,False
13144,66,1,24.4,3,1,1,Potential,0.0,1,0,False
13145,7,4,805.0,5,4,3,Champions,0.0,4,0,True
13148,24,14,4805.06,4,5,5,Champions,0.2631578947368421,14,5,False
13150,119,3,449.96999999999997,2,3,2,At Risk,0.25,3,1,False
13151,260,2,1196.84,1,2,4,Lost,0.3333333333333333,2,1,False
13152,52,7,2146.38,3,5,5,Loyal,0.2222222222222222,7,2,False
13154,34,3,1624.84,4,3,4,Loyal,0.25,3,1,False
13155,3,3,778.42,5,3,3,Loyal,0.0,3,0,False
13156,20,3,1586.54,4,3,4,Loyal,0.0,3,0,False
13157,44,5,3946.14,3,4,5,Loyal,0.0,5,0,False
13158,23,1,307.12,4,1,2,Potential,0.0,1,0,False
13161,135,1,359.38,2,1,2,Lost,0.0,1,0,False
13162,15,12,7587.2,4,5,5,Champions,0.14285714285714285,12,2,True
13163,245,1,17.65,1,1,1,Lost,0.5,1,1,False
13164,204,2,372.2,1,2,2,Lost,0.3333333333333333,2,1,False
13165,48,1,429.68,3,1,2,Potential,0.0,1,0,False
13166,49,1,458.73,3,1,2,Potential,0.0,1,0,False
13167,25,1,333.82,4,1,2,Potential,0.0,1,0,False
13168,177,1,541.14,1,1,3,Lost,0.0,1,0,False
13169,197,1,127.2,1,1,1,Lost,0.0,1,0,False
13172,35,1,69.6,4,1,1,Potential,0.0,1,0,False
13173,2,10,2202.11,5,5,5,Champions,0.16666666666666666,10,2,True
13174,4,10,6617.7,5,5,5,Champions,0.0,10,0,True
13175,217,2,831.45,1,2,3,Lost,0.5,2,2,False
13177,65,1,229.75,3,1,1,Potential,0.0,1,0,False
13178,32,10,8333.72,4,5,5,Champions,0.2857142857142857,10,4,False
13179,253,1,572.3100000000001,1,1,3,Lost,0.0,1,0,False
13180,242,1,86.10000000000001,1,1,1,Lost,0.0,1,0,False
13181,16,1,359.69,4,1,2,Potential,0.0,1,0,False
13183,29,6,3078.4,4,4,5,Champions,0.3333333333333333,6,3,False
13187,259,3,92.34,1,3,1,At Risk,0.25,3,1,False
13190,179,3,570.66,1,3,3,At Risk,0.25,3,1,False
13191,293,1,159.21,1,1,1,Lost,0.0,1,0,False
13192,170,4,1646.6399999999999,2,4,4,At Risk,0.3333333333333333,4,2,False
13194,56,1,412.08,3,1,2,Potential,0.0,1,0,False
13195,49,1,136.73,3,1,1,Potential,0.0,1,0,False
13196,78,3,1271.06,2,3,4,At Risk,0.25,3,1,False
13197,244,1,373.01000000000005,1,1,2,Lost,0.0,1,0,False
13198,22,2,1572.99,4,2,4,Potential,0.5,2,2,False
13199,1,30,6615.77,5,5,5,Champions,0.03225806451612903,30,1,True
13201,137,4,1233.06,2,4,4,At Risk,0.0,4,0,False
13202,29,7,1580.3,4,5,4,Champions,0.125,7,1,True
13203,21,6,1778.79,4,4,4,Champions,0.14285714285714285,6,1,True
13204,366,1,966.6600000000001,1,1,3,Lost,0.0,1,0,False
13205,78,1,2803.2,2,1,5,Lost,0.0,1,0,False
13206,35,13,8308.19,4,5,5,Champions,0.07142857142857142,13,1,True
13207,86,2,285.6,2,2,2,Lost,0.0,2,0,False
13208,84,3,758.65,2,3,3,At Risk,0.0,3,0,False
13209,149,5,2617.9,2,4,5,At Risk,0.0,5,0,False
13211,16,7,1523.35,4,5,4,Champions,0.2222222222222222,7,2,False
13213,18,6,2330.94,4,4,5,Champions,0.25,6,2,False
13214,52,7,3264.23,3,5,5,Loyal,0.0,7,0,False
13215,37,1,81.6,3,1,1,Potential,0.0,1,0,False
13217,290,1,132.5,1,1,1,Lost,0.0,1,0,False
13219,253,1,76.23,1,1,1,Lost,0.0,1,0,False
13220,210,1,516.8,1,1,3,Lost,0.0,1,0,False
13222,212,1,88.5,1,1,1,Lost,0.0,1,0,False
13223,58,4,805.9200000000001,3,4,3,Loyal,0.0,4,0,False
13225,56,9,9796.23,3,5,5,Loyal,0.0,9,0,False
13226,28,1,204.25,4,1,1,Potential,0.0,1,0,False
13230,0,17,3447.33,5,5,5,Champions,0.0,17,0,True
13233,55,2,571.34,3,2,3,Potential,0.0,2,0,False
13234,307,2,346.5,1,2,2,Lost,0.0,2,0,False
13237,22,1,643.0,4,1,3,Potential,0.0,1,0,False
13238,65,2,305.9,3,2,2,Potential,0.0,2,0,False
13239,72,4,1265.1299999999999,2,4,4,At Risk,0.2,4,1,False
13240,0,5,1030.76,5,4,4,Champions,0.16666666666666666,5,1,True
13241,46,1,112.53,3,1,1,Potential,0.0,1,0,False
13242,86,4,429.0,2,4,2,At Risk,0.0,4,0,False
13243,84,4,635.26,2,4,3,At Risk,0.0,4,0,False
13245,67,1,558.72,3,1,3,Potential,0.0,1,0,False
13246,28,5,1390.23,4,4,4,Champions,0.2857142857142857,5,2,False
13249,36,6,897.52,3,4,3,Loyal,0.0,6,0,False
13250,95,2,253.09,2,2,2,Lost,0.3333333333333333,2,1,False
13251,37,1,252.68,3,1,2,Potential,0.0,1,0,False
13252,29,2,399.3,4,2,2,Potential,0.3333333333333333,2,1,False
13253,65,2,1920.71,3,2,4,Potential,0.0,2,0,False
13254,11,1,51.410000000000004,5,1,1,Potential,0.0,1,0,False
13255,8,2,504.95,5,2,3,Potential,0.0,2,0,False
13257,71,1,149.75,2,1,1,Lost,0.6666666666666666,1,2,False
13258,14,2,336.59999999999997,5,2,2,Potential,0.0,2,0,False
13259,32,8,1115.61,4,5,4,Champions,0.0,8,0,True
13262,24,2,373.16,4,2,2,Potential,0.0,2,0,False
13263,28,4,1239.27,4,4,4,Champions,0.0,4,0,True
13264,77,1,722.5600000000001,2,1,3,Lost,0.0,1,0,False
13266,48,7,2300.78,3,5,5,Loyal,0.36363636363636365,7,4,False
13267,1,18,5236.77,5,5,5,Champions,0.28,18,7,False
13269,4,14,3545.47,5,5,5,Champions,0.0,14,0,True
13270,1,1,590.0,5,1,3,Potential,0.0,1,0,False
13274,44,1,360.85,3,1,2,Potential,0.0,1,0,False
13275,18,2,238.86,4,2,1,Potential,0.0,2,0,False
13276,32,3,1300.98,4,3,4,Loyal,0.4,3,2,False
13277,15,3,264.9,4,3,2,Loyal,0.0,3,0,False
13278,34,3,882.62,4,3,3,Loyal,0.0,3,0,False
13280,14,4,1494.87,5,4,4,Champions,0.2,4,1,False
13281,74,1,350.85,2,1,2,Lost,0.6666666666666666,1,2,False
13282,41,1,181.05,3,1,1,Potential,0.0,1,0,False
13283,202,2,279.7,1,2,2,Lost,0.0,2,0,False
13285,235,2,655.47,1,2,3,Lost,0.0,2,0,False
13286,235,1,734.91,1,1,3,Lost,0.0,1,0,False
13287,238,3,781.59,1,3,3,At Risk,0.5714285714285714,3,4,False
13288,78,5,927.61,2,4,3,At Risk,0.16666666666666666,5,1,False
13289,358,1,307.95,1,1,2,Lost,0.0,1,0,False
13291,49,10,2909.68,3,5,5,Loyal,0.0,10,0,False
13292,50,3,415.57,3,3,2,Loyal,0.25,3,1,False
13293,27,6,1192.94,4,4,4,Champions,0.14285714285714285,6,1,True
13294,281,1,815.79,1,1,3,Lost,0.0,1,0,False
13295,11,3,900.77,5,3,3,Loyal,0.625,3,5,False
13296,58,5,705.11,3,4,3,Loyal,0.0,5,0,False
13297,20,3,2278.77,4,3,5,Loyal,0.25,3,1,False
13299,58,2,1076.2,3,2,4,Potential,0.5,2,2,False
13300,23,2,913.62,4,2,3,Potential,0.3333333333333333,2,1,False
13302,161,1,95.45,2,1,1,Lost,0.0,1,0,False
13303,35,1,61.72,4,1,1,Potential,0.0,1,0,False
13304,90,3,917.57,2,3,3,At Risk,0.5,3,3,False
13305,7,7,1751.75,5,5,4,Champions,0.0,7,0,True
13306,65,1,53.65,3,1,1,Potential,0.0,1,0,False
13307,122,2,258.34,2,2,2,Lost,0.0,2,0,False
13308,231,1,284.86,1,1,2,Lost,0.0,1,0,False
13309,27,1,249.58,4,1,1,Potential,0.0,1,0,False
13310,15,2,409.17,4,2,2,Potential,0.0,2,0,False
13312,86,1,124.75,2,1,1,Lost,0.0,1,0,False
13313,114,7,1890.0,2,5,4,At Risk,0.3,7,3,False
13315,324,1,310.26,1,1,2,Lost,0.0,1,0,False
13316,27,6,7207.89,4,4,5,Champions,0.14285714285714285,6,1,True
13317,20,13,4212.411,4,5,5,Champions,0.4090909090909091,13,9,False
13319,0,34,11236.95,5,5,5,Champions,0.24444444444444444,34,11,False
13320,69,2,679.4,3,2,3,Potential,0.3333333333333333,2,1,False
13324,63,8,3391.52,3,5,5,Loyal,0.2727272727272727,8,3,False
13326,67,1,281.76,3,1,2,Potential,0.0,1,0,False
13327,0,14,6251.71,5,5,5,Champions,0.06666666666666667,14,1,True
13329,1,7,4323.97,5,5,5,Champions,0.36363636363636365,7,4,False
13330,90,3,1655.17,2,3,4,At Risk,0.0,3,0,False
13331,36,1,262.4,3,1,2,Potential,0.0,1,0,False
13333,46,3,1015.74,3,3,4,Loyal,0.0,3,0,False
13334,171,2,2699.48,2,2,5,Lost,0.3333333333333333,2,1,False
13337,181,1,1575.26,1,1,4,Lost,0.5,1,1,False
13338,176,3,1958.6,1,3,4,At Risk,0.5714285714285714,3,4,False
13340,52,5,11364.08,3,4,5,Loyal,0.0,5,0,False
13346,97,6,299.4,2,4,2,At Risk,0.0,6,0,False
13357,129,4,3185.61,2,4,5,At Risk,0.0,4,0,False
13359,38,1,603.75,3,1,3,Potential,0.5,1,1,False
13360,66,4,1553.65,3,4,4,Loyal,0.42857142857142855,4,3,False
13361,107,2,1450.5,2,2,4,Lost,0.0,2,0,False
13362,13,3,2303.33,5,3,5,Loyal,0.4,3,2,False
13363,44,1,731.36,3,1,3,Potential,0.0,1,0,False
13367,66,1,510.20000000000005,3,1,3,Potential,0.0,1,0,False
13368,49,2,498.1,3,2,2,Potential,0.3333333333333333,2,1,False
13369,0,1,308.28000000000003,5,1,2,Potential,0.0,1,0,False
13370,6,1,754.87,5,1,3,Potential,0.5,1,1,False
13371,140,2,2297.66,2,2,5,Lost,0.5,2,2,False
13373,50,3,4274.94,3,3,5,Loyal,0.0,3,0,False
13374,49,2,422.8,3,2,2,Potential,0.0,2,0,False
13375,79,1,1013.58,2,1,4,Lost,0.0,1,0,False
13377,31,2,1552.88,4,2,4,Potential,0.5,2,2,False
13380,67,1,62.4,3,1,1,Potential,0.0,1,0,False
13381,14,6,4585.06,5,4,5,Champions,0.25,6,2,False
13382,63,4,1164.59,3,4,4,Loyal,0.0,4,0,False
13383,178,1,305.28000000000003,1,1,2,Lost,0.0,1,0,False
13384,25,4,2528.9,4,4,5,Champions,0.3333333333333333,4,2,False
13386,49,2,835.46,3,2,3,Potential,0.0,2,0,False
13387,52,1,181.84,3,1,1,Potential,0.0,1,0,False
13388,238,1,508.55,1,1,3,Lost,0.0,1,0,False
13392,312,1,91.14,1,1,1,Lost,0.0,1,0,False
13393,218,4,1131.45,1,4,4,At Risk,0.3333333333333333,4,2,False
13394,14,11,4101.68,5,5,5,Champions,0.21428571428571427,11,3,False
13395,35,2,872.51,4,2,3,Potential,0.0,2,0,False
13397,72,5,1647.74,2,4,4,At Risk,0.2857142857142857,5,2,False
13398,83,1,213.0,2,1,1,Lost,0.0,1,0,False
13399,99,3,275.4,2,3,2,At Risk,0.0,3,0,False
13400,217,1,310.83,1,1,2,Lost,0.5,1,1,False
13402,7,3,913.9000000000001,5,3,3,Loyal,0.0,3,0,False
13403,22,2,154.5,4,2,1,Potential,0.0,2,0,False
13405,116,3,641.36,2,3,3,At Risk,0.5,3,3,False
13406,62,2,568.92,3,2,3,Potential,0.3333333333333333,2,1,False
13407,213,3,2244.7,1,3,5,At Risk,0.5,3,3,False
13408,6,46,23616.422,5,5,5,Champions,0.19298245614035087,46,11,True
13410,28,4,1198.9,4,4,4,Champions,0.2,4,1,False
13412,255,1,487.34999999999997,1,1,2,Lost,0.0,1,0,False
13413,274,6,429.44,1,4,2,At Risk,0.14285714285714285,6,1,False
13414,98,3,1103.64,2,3,4,At Risk,0.25,3,1,False
13415,107,4,784.17,2,4,3,At Risk,0.2,4,1,False
13416,371,1,228.3,1,1,1,Lost,0.0,1,0,False
13417,182,4,1028.66,1,4,4,At Risk,0.2,4,1,False
13418,7,15,6055.47,5,5,5,Champions,0.0625,15,1,True
13421,41,6,2225.04,3,4,5,Loyal,0.25,6,2,False
13423,63,1,217.03,3,1,1,Potential,0.0,1,0,False
13424,84,1,572.77,2,1,3,Lost,0.5,1,1,False
13425,143,2,1766.22,2,2,4,Lost,0.6,2,3,False
13426,17,12,4526.06,4,5,5,Champions,0.0,12,0,True
13427,112,3,423.93,2,3,2,At Risk,0.0,3,0,False
13428,149,2,276.76,2,2,2,Lost,0.0,2,0,False
13431,41,6,2047.14,3,4,4,Loyal,0.14285714285714285,6,1,False
13432,206,2,436.55,1,2,2,Lost,0.0,2,0,False
13433,136,4,658.3199999999999,2,4,3,At Risk,0.2,4,1,False
13434,20,3,1132.6200000000001,4,3,4,Loyal,0.0,3,0,False
13435,11,2,637.44,5,2,3,Potential,0.0,2,0,False
13438,182,1,46.5,1,1,1,Lost,0.0,1,0,False
13439,23,2,702.9,4,2,3,Potential,0.0,2,0,False
13440,58,7,1295.25,3,5,4,Loyal,0.3,7,3,False
13441,66,1,424.26,3,1,2,Potential,0.0,1,0,False
13442,302,3,419.87,1,3,2,At Risk,0.0,3,0,False
13443,83,6,1269.3700000000001,2,4,4,At Risk,0.14285714285714285,6,1,False
13444,9,2,619.08,5,2,3,Potential,0.0,2,0,False
13445,261,1,241.89999999999998,1,1,1,Lost,0.0,1,0,False
13446,65,11,3881.89,3,5,5,Loyal,0.3888888888888889,11,7,False
13448,8,8,5295.49,5,5,5,Champions,0.0,8,0,True
13450,9,7,2076.32,5,5,4,Champions,0.125,7,1,True
13451,16,6,4190.66,4,4,5,Champions,0.14285714285714285,6,1,True
13452,107,1,139.8,2,1,1,Lost,0.0,1,0,False
13453,37,1,424.71,3,1,2,Potential,0.6666666666666666,1,2,False
13454,276,1,219.87,1,1,1,Lost,0.0,1,0,False
13455,1,5,1847.59,5,4,4,Champions,0.375,5,3,False
13457,323,2,148.22,1,2,1,Lost,0.5,2,2,False
13458,14,2,2312.7,5,2,5,Potential,0.0,2,0,False
13459,259,2,1160.4099999999999,1,2,4,Lost,0.0,2,0,False
13461,42,3,2715.0,3,3,5,Loyal,0.4,3,2,False
13462,45,4,1002.35,3,4,4,Loyal,0.0,4,0,False
13464,29,5,2422.96,4,4,5,Champions,0.16666666666666666,5,1,True
13465,81,2,931.12,2,2,3,Lost,0.0,2,0,False
13466,43,4,705.45,3,4,3,Loyal,0.2,4,1,False
13468,3,38,7670.54,5,5,5,Champions,0.22448979591836735,38,11,False
13469,288,1,82.4,1,1,1,Lost,0.0,1,0,False
13472,98,2,592.24,2,2,3,Lost,0.0,2,0,False
13473,209,6,2235.12,1,4,5,At Risk,0.14285714285714285,6,1,False
13474,78,2,419.75,2,2,2,Lost,0.0,2,0,False
13476,41,3,823.0,3,3,3,Loyal,0.0,3,0,False
13477,90,5,1364.59,2,4,4,At Risk,0.0,5,0,False
13478,104,5,2215.78,2,4,5,At Risk,0.2857142857142857,5,2,False
13479,87,2,550.42,2,2,3,Lost,0.5,2,2,False
13480,51,2,627.82,3,2,3,Potential,0.0,2,0,False
13481,9,6,2026.28,5,4,4,Champions,0.14285714285714285,6,1,True
13482,262,1,151.45,1,1,1,Lost,0.0,1,0,False
13484,18,2,476.92,4,2,2,Potential,0.3333333333333333,2,1,False
13485,11,10,2564.98,5,5,5,Champions,0.2857142857142857,10,4,False
13487,140,2,271.47,2,2,2,Lost,0.0,2,0,False
13488,2,11,6619.57,5,5,5,Champions,0.15384615384615385,11,2,True
13490,289,1,154.25,1,1,1,Lost,0.0,1,0,False
13491,7,18,3350.7400000000002,5,5,5,Champions,0.0,18,0,True
13495,3,6,3329.39,5,4,5,Champions,0.3333333333333333,6,3,False
13497,3,5,972.28,5,4,3,Champions,0.16666666666666666,5,1,True
13498,365,1,327.38,1,1,2,Lost,0.0,1,0,False
13500,36,1,299.53,3,1,2,Potential,0.0,1,0,False
13501,121,2,1544.79,2,2,4,Lost,0.3333333333333333,2,1,False
13502,50,2,488.5,3,2,2,Potential,0.3333333333333333,2,1,False
13503,114,4,1561.19,2,4,4,At Risk,0.5,4,4,False
13506,4,4,1180.68,5,4,4,Champions,0.3333333333333333,4,2,False
13508,277,1,176.07999999999998,1,1,1,Lost,0.0,1,0,False
13509,142,1,135.0,2,1,1,Lost,0.0,1,0,False
13510,10,7,2766.73,5,5,5,Champions,0.4166666666666667,7,5,False
13511,311,1,282.76,1,1,2,Lost,0.5,1,1,False
13512,22,3,462.18,4,3,2,Loyal,0.0,3,0,False
13513,76,2,619.49,2,2,3,Lost,0.3333333333333333,2,1,False
13514,63,3,663.7,3,3,3,Loyal,0.0,3,0,False
13515,84,2,374.7,2,2,2,Lost,0.0,2,0,False
13516,52,1,295.85,3,1,2,Potential,0.0,1,0,False
13519,77,1,220.46,2,1,1,Lost,0.0,1,0,False
13520,6,6,3285.05,5,4,5,Champions,0.25,6,2,False
13523,1,2,1136.64,5,2,4,Potential,0.0,2,0,False
13526,373,2,1182.0,1,2,4,Lost,0.5,2,2,False
13527,53,5,2298.93,3,4,5,Loyal,0.16666666666666666,5,1,False
13530,269,1,402.97999999999996,1,1,2,Lost,0.0,1,0,False
13531,1,5,1254.72,5,4,4,Champions,0.0,5,0,True
13534,14,10,1850.82,5,5,4,Champions,0.4117647058823529,10,7,False
13535,37,1,89.5,3,1,1,Potential,0.0,1,0,False
13537,60,2,717.85,3,2,3,Potential,0.0,2,0,False
13538,31,5,1822.28,4,4,4,Champions,0.0,5,0,True
13539,55,4,938.02,3,4,3,Loyal,0.2,4,1,False
13540,102,3,632.39,2,3,3,At Risk,0.0,3,0,False
13541,62,2,785.25,3,2,3,Potential,0.3333333333333333,2,1,False
13542,11,17,3959.4900000000002,5,5,5,Champions,0.05555555555555555,17,1,True
13543,269,2,1439.6100000000001,1,2,4,Lost,0.0,2,0,False
13544,46,4,514.14,3,4,3,Loyal,0.2,4,1,False
13545,25,2,364.93,4,2,2,Potential,0.3333333333333333,2,1,False
13546,17,2,465.15,4,2,2,Potential,0.0,2,0,False
13547,43,1,164.53,3,1,1,Potential,0.0,1,0,False
13548,106,1,223.28,2,1,1,Lost,0.0,1,0,False
13549,22,1,87.6,4,1,1,Potential,0.0,1,0,False
13550,18,1,342.55,4,1,2,Potential,0.0,1,0,False
13551,301,1,152.39999999999998,1,1,1,Lost,0.0,1,0,False
13552,63,10,3208.85,3,5,5,Loyal,0.375,10,6,False
13553,309,1,499.6,1,1,3,Lost,0.0,1,0,False
13554,15,7,1629.35,4,5,4,Champions,0.3,7,3,False
13555,13,9,4792.96,5,5,5,Champions,0.25,9,3,False
13556,64,2,200.82,3,2,1,Potential,0.0,2,0,False
13557,50,11,2448.2,3,5,5,Loyal,0.21428571428571427,11,3,False
13559,147,2,990.0,2,2,4,Lost,0.0,2,0,False
13561,32,10,1661.54,4,5,4,Champions,0.0,10,0,True
13562,36,5,3038.85,3,4,5,Loyal,0.0,5,0,False
13564,3,35,15242.24,5,5,5,Champions,0.2857142857142857,35,14,False
13565,46,1,174.57999999999998,3,1,1,Potential,0.0,1,0,False
13566,69,3,827.91,3,3,3,Loyal,0.0,3,0,False
13567,63,4,1079.29,3,4,4,Loyal,0.2,4,1,False
13569,2,3,497.74,5,3,2,Loyal,0.0,3,0,False
13571,17,14,2448.32,4,5,5,Champions,0.0,14,0,True
13573,14,4,612.82,5,4,3,Champions,0.0,4,0,True
13574,46,1,404.45,3,1,2,Potential,0.0,1,0,False
13576,8,11,4834.400000000001,5,5,5,Champions,0.15384615384615385,11,2,True
13577,17,7,1801.68,4,5,4,Champions,0.2222222222222222,7,2,False
13578,44,1,147.66,3,1,1,Potential,0.0,1,0,False
13579,4,4,1072.0,5,4,4,Champions,0.2,4,1,False
13580,41,1,107.75,3,1,1,Potential,0.0,1,0,False
13581,49,1,162.53,3,1,1,Potential,0.0,1,0,False
13582,24,2,241.68,4,2,1,Potential,0.0,2,0,False
13583,314,1,664.001,1,1,3,Lost,0.0,1,0,False
13584,133,2,243.3,2,2,1,Lost,0.5,2,2,False
13585,165,3,684.54,2,3,3,At Risk,0.25,3,1,False
13586,176,1,127.28,1,1,1,Lost,0.0,1,0,False
13587,84,3,961.1,2,3,3,At Risk,0.0,3,0,False
13589,84,4,741.09,2,4,3,At Risk,0.0,4,0,False
13590,10,12,4354.12,5,5,5,Champions,0.14285714285714285,12,2,True
13591,70,4,976.8100000000001,2,4,3,At Risk,0.2,4,1,False
13593,22,9,3481.41,4,5,5,Champions,0.1,9,1,True
13594,120,1,136.35000000000002,2,1,1,Lost,0.5,1,1,False
13595,151,3,784.48,2,3,3,At Risk,0.0,3,0,False
13597,35,2,396.71,4,2,2,Potential,0.3333333333333333,2,1,False
13598,130,4,601.92,2,4,3,At Risk,0.0,4,0,False
13599,1,14,5013.96,5,5,5,Champions,0.3333333333333333,14,7,False
13600,269,1,298.9,1,1,2,Lost,0.0,1,0,False
13601,27,2,466.67,4,2,2,Potential,0.0,2,0,False
13602,16,3,596.28,4,3,3,Loyal,0.0,3,0,False
13604,293,1,717.62,1,1,3,Lost,0.5,1,1,False
13605,22,2,522.67,4,2,3,Potential,0.0,2,0,False
13607,37,1,400.3,3,1,2,Potential,0.5,1,1,False
13608,175,1,232.05,2,1,1,Lost,0.0,1,0,False
13609,228,1,167.35,1,1,1,Lost,0.0,1,0,False
13610,22,7,1020.13,4,5,4,Champions,0.125,7,1,True
13611,9,7,2143.53,5,5,5,Champions,0.3,7,3,False
13612,267,1,818.29,1,1,3,Lost,0.5,1,1,False
13613,87,5,1039.8500000000001,2,4,4,At Risk,0.0,5,0,False
13614,28,2,747.28,4,2,3,Potential,0.0,2,0,False
13615,34,7,5854.84,4,5,5,Champions,0.3,7,3,False
13616,203,2,283.85,1,2,2,Lost,0.0,2,0,False
13617,43,5,734.57,3,4,3,Loyal,0.16666666666666666,5,1,False
13619,179,2,223.44,1,2,1,Lost,0.0,2,0,False
13620,163,1,112.34,2,1,1,Lost,0.0,1,0,False
13622,331,1,658.95,1,1,3,Lost,0.5,1,1,False
13623,15,5,1805.32,4,4,4,Champions,0.375,5,3,False
13624,23,1,462.08,4,1,2,Potential,0.5,1,1,False
13625,231,1,301.26,1,1,2,Lost,0.0,1,0,False
13626,14,1,449.81,5,1,2,Potential,0.5,1,1,False
13627,123,2,607.43,2,2,3,Lost,0.3333333333333333,2,1,False
13628,311,1,310.14,1,1,2,Lost,0.0,1,0,False
13629,48,8,5578.5,3,5,5,Loyal,0.0,8,0,False
13632,29,3,1526.88,4,3,4,Loyal,0.25,3,1,False
13634,9,11,3473.01,5,5,5,Champions,0.08333333333333333,11,1,True
13635,77,3,1928.1299999999999,2,3,4,At Risk,0.4,3,2,False
13639,71,1,312.93,2,1,2,Lost,0.0,1,0,False
13640,246,1,405.0,1,1,2,Lost,0.0,1,0,False
13641,275,4,942.37,1,4,3,At Risk,0.3333333333333333,4,2,False
13642,67,3,159.92,3,3,1,Loyal,0.25,3,1,False
13643,17,7,1637.33,4,5,4,Champions,0.4166666666666667,7,5,False
13646,34,2,326.25,4,2,2,Potential,0.3333333333333333,2,1,False
13647,129,4,1393.56,2,4,4,At Risk,0.0,4,0,False
13648,35,8,1764.02,4,5,4,Champions,0.2727272727272727,8,3,False
13649,1,5,1304.88,5,4,4,Champions,0.0,5,0,True
13650,9,4,1451.66,5,4,4,Champions,0.5555555555555556,4,5,False
13651,16,1,132.65,4,1,1,Potential,0.5,1,1,False
13652,3,3,1475.77,5,3,4,Loyal,0.0,3,0,False
13653,122,1,152.2,2,1,1,Lost,0.0,1,0,False
13654,15,5,3600.67,4,4,5,Champions,0.0,5,0,True
13655,9,4,1347.54,5,4,4,Champions,0.3333333333333333,4,2,False
13656,134,2,699.2,2,2,3,Lost,0.6,2,3,False
13658,18,4,3386.33,4,4,5,Champions,0.3333333333333333,4,2,False
13659,51,10,3321.68,3,5,5,Loyal,0.2857142857142857,10,4,False
13660,35,1,306.64,4,1,2,Potential,0.5,1,1,False
13661,238,1,325.24,1,1,2,Lost,0.0,1,0,False
13662,20,8,1352.35,4,5,4,Champions,0.2,8,2,False
13663,15,4,1858.04,4,4,4,Champions,0.2,4,1,False
13665,21,3,1711.6599999999999,4,3,4,Loyal,0.0,3,0,False
13666,55,2,42.4,3,2,1,Potential,0.0,2,0,False
13668,18,14,6638.650000000001,4,5,5,Champions,0.2222222222222222,14,4,False
13669,42,1,195.0,3,1,1,Potential,0.0,1,0,False
13671,29,1,172.6,4,1,1,Potential,0.0,1,0,False
13672,365,1,233.53000000000003,1,1,1,Lost,0.0,1,0,False
13674,67,1,240.68,3,1,1,Potential,0.5,1,1,False
13676,174,2,243.9,2,2,1,Lost,0.3333333333333333,2,1,False
13677,39,2,551.24,3,2,3,Potential,0.0,2,0,False
13679,128,3,281.26,2,3,2,At Risk,0.0,3,0,False
13680,106,8,7700.55,2,5,5,At Risk,0.0,8,0,False
13683,92,1,258.6,2,1,2,Lost,0.0,1,0,False
13684,25,3,529.75,4,3,3,Loyal,0.25,3,1,False
13686,15,2,337.04,4,2,2,Potential,0.0,2,0,False
13687,73,1,11880.84,2,1,5,Lost,0.0,1,0,False
13688,270,1,375.5,1,1,2,Lost,0.0,1,0,False
13689,79,1,349.5,2,1,2,Lost,0.0,1,0,False
13691,31,1,210.78,4,1,1,Potential,0.0,1,0,False
13692,43,2,1626.08,3,2,4,Potential,0.3333333333333333,2,1,False
13693,9,9,2011.82,5,5,4,Champions,0.18181818181818182,9,2,True
13694,8,94,131443.19,5,5,5,Champions,0.10476190476190476,94,11,True
13695,212,1,266.6,1,1,2,Lost,0.0,1,0,False
13696,56,3,2020.4,3,3,4,Loyal,0.25,3,1,False
13698,231,2,451.73,1,2,2,Lost,0.0,2,0,False
13699,185,1,455.57,1,1,2,Lost,0.5,1,1,False
13700,52,3,348.34,3,3,2,Loyal,0.25,3,1,False
13701,81,1,161.0,2,1,1,Lost,0.5,1,1,False
13702,80,1,135.18,2,1,1,Lost,0.0,1,0,False
13703,50,1,326.06,3,1,2,Potential,0.5,1,1,False
13705,8,5,1323.47,5,4,4,Champions,0.0,5,0,True
13706,261,1,300.38,1,1,2,Lost,0.0,1,0,False
13707,64,3,2559.45,3,3,5,Loyal,0.0,3,0,False
13709,81,5,1263.7,2,4,4,At Risk,0.0,5,0,False
13710,58,2,329.04,3,2,2,Potential,0.0,2,0,False
13711,41,7,1540.2,3,5,4,Loyal,0.46153846153846156,7,6,False
13712,245,1,537.58,1,1,3,Lost,0.0,1,0,False
13713,43,3,740.76,3,3,3,Loyal,0.0,3,0,False
13714,100,1,161.35,2,1,1,Lost,0.0,1,0,False
13715,7,13,7348.3,5,5,5,Champions,0.07142857142857142,13,1,True
13717,92,2,318.29,2,2,2,Lost,0.5,2,2,False
13719,28,6,1740.42,4,4,4,Champions,0.0,6,0,True
13721,30,1,217.39999999999998,4,1,1,Potential,0.0,1,0,False
13722,55,7,3260.0,3,5,5,Loyal,0.0,7,0,False
13723,27,5,994.23,4,4,4,Champions,0.0,5,0,True
13724,272,1,213.01,1,1,1,Lost,0.0,1,0,False
13727,246,6,740.6700000000001,1,4,3,At Risk,0.14285714285714285,6,1,False
13728,22,10,1839.03,4,5,4,Champions,0.0,10,0,True
13729,70,3,724.73,2,3,3,At Risk,0.4,3,2,False
13733,45,2,487.03000000000003,3,2,2,Potential,0.3333333333333333,2,1,False
13734,143,4,6695.6900000000005,2,4,5,At Risk,0.3333333333333333,4,2,False
13735,11,9,6879.2300000000005,5,5,5,Champions,0.35714285714285715,9,5,False
13736,60,5,2022.67,3,4,4,Loyal,0.4444444444444444,5,4,False
13738,31,1,434.78000000000003,4,1,2,Potential,0.0,1,0,False
13739,162,1,75.3,2,1,1,Lost,0.0,1,0,False
13740,50,4,1232.02,3,4,4,Loyal,0.0,4,0,False
13745,181,1,477.32,1,1,2,Lost,0.5,1,1,False
13746,48,1,176.69,3,1,1,Potential,0.0,1,0,False
13747,8,2,169.79999999999998,5,2,1,Potential,0.0,2,0,False
13748,8,5,1320.1,5,4,4,Champions,0.0,5,0,True
13750,15,6,1954.92,4,4,4,Champions,0.25,6,2,False
13752,162,1,404.45000000000005,2,1,2,Lost,0.0,1,0,False
13753,233,3,1353.31,1,3,4,At Risk,0.0,3,0,False
13754,72,1,164.45000000000002,2,1,1,Lost,0.0,1,0,False
13756,2,10,3999.2300000000005,5,5,5,Champions,0.09090909090909091,10,1,True
13757,309,1,195.55,1,1,1,Lost,0.0,1,0,False
13758,1,9,6123.59,5,5,5,Champions,0.25,9,3,False
13760,39,3,1076.85,3,3,4,Loyal,0.25,3,1,False
13761,137,4,881.52,2,4,3,At Risk,0.0,4,0,False
13762,228,4,2165.76,1,4,5,At Risk,0.0,4,0,False
13763,52,2,3502.48,3,2,5,Potential,0.3333333333333333,2,1,False
13764,204,3,1392.25,1,3,4,At Risk,0.0,3,0,False
13765,288,1,352.821,1,1,2,Lost,0.0,1,0,False
13766,130,1,190.35,2,1,1,Lost,0.0,1,0,False
13767,4,39,18320.170000000002,5,5,5,Champions,0.1875,39,9,True
13768,361,2,875.97,1,2,3,Lost,0.75,2,6,False
13769,2,11,3003.9100000000003,5,5,5,Champions,0.21428571428571427,11,3,False
13770,57,4,785.37,3,4,3,Loyal,0.0,4,0,False
13771,168,5,3094.37,2,4,5,At Risk,0.0,5,0,False
13772,35,5,1977.39,4,4,4,Champions,0.16666666666666666,5,1,True
13773,31,2,301.54,4,2,2,Potential,0.0,2,0,False
13775,225,1,1049.66,1,1,4,Lost,0.0,1,0,False
13777,1,37,30501.260000000002,5,5,5,Champions,0.11904761904761904,37,5,True
13778,126,3,945.79,2,3,3,At Risk,0.25,3,1,False
13779,150,1,161.13,2,1,1,Lost,0.0,1,0,False
13780,42,1,372.06,3,1,2,Potential,0.0,1,0,False
13781,227,2,650.99,1,2,3,Lost,0.3333333333333333,2,1,False
13782,88,7,877.22,2,5,3,At Risk,0.125,7,1,False
13783,122,4,1542.09,2,4,4,At Risk,0.0,4,0,False
13784,69,3,447.44,3,3,2,Loyal,0.25,3,1,False
13785,63,4,542.49,3,4,3,Loyal,0.0,4,0,False
13786,2,6,3127.99,5,4,5,Champions,0.14285714285714285,6,1,True
13787,93,4,913.46,2,4,3,At Risk,0.42857142857142855,4,3,False
13788,140,1,3.75,2,1,1,Lost,0.0,1,0,False
13789,23,1,239.45999999999998,4,1,1,Potential,0.0,1,0,False
13792,57,1,188.4,3,1,1,Potential,0.0,1,0,False
13793,281,1,96.0,1,1,1,Lost,0.0,1,0,False
13794,181,1,126.03,1,1,1,Lost,0.0,1,0,False
13795,23,4,836.3,4,4,3,Champions,0.0,4,0,True
13796,134,1,289.7,2,1,2,Lost,0.0,1,0,False
13797,71,3,1179.45,2,3,4,At Risk,0.25,3,1,False
13798,7,54,38683.02,5,5,5,Champions,0.14285714285714285,54,9,True
13799,79,7,2114.71,2,5,4,At Risk,0.36363636363636365,7,4,False
13800,65,2,1121.24,3,2,4,Potential,0.0,2,0,False
13802,9,16,21659.69,5,5,5,Champions,0.1111111111111111,16,2,True
13803,66,2,1061.84,3,2,4,Potential,0.3333333333333333,2,1,False
13804,70,2,572.73,2,2,3,Lost,0.0,2,0,False
13807,2,3,422.2,5,3,2,Loyal,0.25,3,1,False
13809,29,2,524.65,4,2,3,Potential,0.0,2,0,False
13813,162,4,1398.61,2,4,4,At Risk,0.42857142857142855,4,3,False
13814,162,1,678.2,2,1,3,Lost,0.5,1,1,False
13815,41,4,3448.38,3,4,5,Loyal,0.2,4,1,False
13818,64,1,61.28,3,1,1,Potential,0.0,1,0,False
13819,304,3,1502.0,1,3,4,At Risk,0.25,3,1,False
13820,53,3,652.75,3,3,3,Loyal,0.4,3,2,False
13821,28,4,993.44,4,4,4,Champions,0.2,4,1,False
13823,15,5,2445.79,4,4,5,Champions,0.16666666666666666,5,1,True
13824,14,7,1615.82,5,5,4,Champions,0.2222222222222222,7,2,False
13825,256,2,255.59,1,2,2,Lost,0.0,2,0,False
13829,56,1,102.0,3,1,1,Potential,0.0,1,0,False
13830,216,1,156.85000000000002,1,1,1,Lost,0.5,1,1,False
13831,4,13,4795.09,5,5,5,Champions,0.13333333333333333,13,2,True
13832,57,1,557.6899999999999,3,1,3,Potential,0.0,1,0,False
13833,39,1,316.56,3,1,2,Potential,0.0,1,0,False
13834,211,2,324.19,1,2,2,Lost,0.3333333333333333,2,1,False
13835,154,3,260.7,2,3,2,At Risk,0.25,3,1,False
13836,34,2,620.37,4,2,3,Potential,0.3333333333333333,2,1,False
13838,4,7,1245.91,5,5,4,Champions,0.0,7,0,True
13839,121,1,139.95000000000002,2,1,1,Lost,0.0,1,0,False
13840,51,1,651.4,3,1,3,Potential,0.0,1,0,False
13842,1,10,2244.29,5,5,5,Champions,0.09090909090909091,10,1,True
13843,16,1,319.75,4,1,2,Potential,0.0,1,0,False
13846,34,1,442.73,4,1,2,Potential,0.0,1,0,False
13847,354,1,310.72,1,1,2,Lost,0.0,1,0,False
13848,1,6,2080.0,5,4,4,Champions,0.0,6,0,True
13849,32,3,1931.35,4,3,4,Loyal,0.25,3,1,False
13851,14,5,1955.0,5,4,4,Champions,0.16666666666666666,5,1,True
13852,245,1,187.35000000000002,1,1,1,Lost,0.5,1,1,False
13854,0,15,4144.44,5,5,5,Champions,0.11764705882352941,15,2,True
13855,135,4,1310.3400000000001,2,4,4,At Risk,0.2,4,1,False
13856,98,8,753.53,2,5,3,At Risk,0.2,8,2,False
13857,28,6,1000.91,4,4,4,Champions,0.14285714285714285,6,1,True
13859,164,1,314.7,2,1,2,Lost,0.0,1,0,False
13861,64,2,273.26,3,2,2,Potential,0.3333333333333333,2,1,False
13862,24,1,346.73,4,1,2,Potential,0.0,1,0,False
13863,100,3,933.77,2,3,3,At Risk,0.25,3,1,False
13864,21,1,662.4000000000001,4,1,3,Potential,0.0,1,0,False
13869,16,6,4913.22,4,4,5,Champions,0.0,6,0,True
13870,22,7,2941.14,4,5,5,Champions,0.125,7,1,True
13871,63,4,1482.6,3,4,4,Loyal,0.42857142857142855,4,3,False
13872,162,3,919.57,2,3,3,At Risk,0.5,3,3,False
13873,18,5,649.32,4,4,3,Champions,0.0,5,0,True
13874,139,6,1508.7,2,4,4,At Risk,0.3333333333333333,6,3,False
13875,22,9,3027.58,4,5,5,Champions,0.0,9,0,True
13877,105,2,332.44,2,2,2,Lost,0.5,2,2,False
13878,182,3,1145.33,1,3,4,At Risk,0.0,3,0,False
13879,280,1,395.5,1,1,2,Lost,0.0,1,0,False
13880,2,5,1171.89,5,4,4,Champions,0.0,5,0,True
13881,10,23,28019.58,5,5,5,Champions,0.20689655172413793,23,6,False
13883,38,9,3860.89,3,5,5,Loyal,0.4375,9,7,False
13884,11,5,1037.43,5,4,4,Champions,0.375,5,3,False
13888,39,5,1405.92,3,4,4,Loyal,0.0,5,0,False
13889,17,5,1574.3300000000002,4,4,4,Champions,0.2857142857142857,5,2,False
13890,9,4,1043.57,5,4,4,Champions,0.5,4,4,False
13891,13,3,859.21,5,3,3,Loyal,0.0,3,0,False
13892,112,2,634.68,2,2,3,Lost,0.0,2,0,False
13895,150,2,1415.45,2,2,4,Lost,0.3333333333333333,2,1,False
13896,260,1,388.55,1,1,2,Lost,0.0,1,0,False
13897,73,2,849.56,2,2,3,Lost,0.0,2,0,False
13898,46,1,530.47,3,1,3,Potential,0.0,1,0,False
13900,24,3,869.64,4,3,3,Loyal,0.25,3,1,False
13901,9,10,2809.14,5,5,5,Champions,0.3333333333333333,10,5,False
13902,267,5,34095.26,1,4,5,At Risk,0.375,5,3,False
13903,35,1,165.45000000000002,4,1,1,Potential,0.0,1,0,False
13905,367,1,312.65,1,1,2,Lost,0.6666666666666666,1,2,False
13906,44,1,42.0,3,1,1,Potential,0.0,1,0,False
13907,326,1,136.8,1,1,1,Lost,0.0,1,0,False
13909,58,2,282.85,3,2,2,Potential,0.0,2,0,False
13911,14,11,1654.08,5,5,4,Champions,0.15384615384615385,11,2,True
13912,58,1,124.95,3,1,1,Potential,0.0,1,0,False
13913,141,1,42.22,2,1,1,Lost,0.0,1,0,False
13915,29,1,70.80000000000001,4,1,1,Potential,0.5,1,1,False
13916,98,4,1275.81,2,4,4,At Risk,0.2,4,1,False
13919,59,2,975.87,3,2,3,Potential,0.0,2,0,False
13920,66,4,1774.68,3,4,4,Loyal,0.2,4,1,False
13921,37,4,730.7,3,4,3,Loyal,0.2,4,1,False
13922,72,2,692.95,2,2,3,Lost,0.5,2,2,False
13927,72,1,359.27,2,1,2,Lost,0.5,1,1,False
13929,51,9,2651.45,3,5,5,Loyal,0.18181818181818182,9,2,False
13931,27,9,4019.85,4,5,5,Champions,0.0,9,0,True
13935,231,3,6116.92,1,3,5,At Risk,0.0,3,0,False
13936,17,2,563.08,4,2,3,Potential,0.0,2,0,False
13937,37,1,721.28,3,1,3,Potential,0.5,1,1,False
13939,66,4,992.41,3,4,4,Loyal,0.3333333333333333,4,2,False
13941,7,11,6009.34,5,5,5,Champions,0.08333333333333333,11,1,True
13942,169,1,320.0,2,1,2,Lost,0.0,1,0,False
13943,212,1,246.54,1,1,1,Lost,0.0,1,0,False
13944,288,1,200.43,1,1,1,Lost,0.0,1,0,False
13945,29,2,854.15,4,2,3,Potential,0.0,2,0,False
13946,11,3,1314.66,5,3,4,Loyal,0.25,3,1,False
13948,46,3,446.76,3,3,2,Loyal,0.25,3,1,False
13952,15,12,9572.45,4,5,5,Champions,0.14285714285714285,12,2,True
13953,44,5,3125.0,3,4,5,Loyal,0.0,5,0,False
13955,10,1,221.10999999999999,5,1,1,Potential,0.0,1,0,False
13957,52,3,458.25,3,3,2,Loyal,0.0,3,0,False
13958,14,8,4709.2300000000005,5,5,5,Champions,0.3333333333333333,8,4,False
13959,34,3,470.73,4,3,2,Loyal,0.0,3,0,False
13961,27,1,538.4,4,1,3,Potential,0.5,1,1,False
13962,70,1,193.25,2,1,1,Lost,0.0,1,0,False
13963,2,14,2347.33,5,5,5,Champions,0.06666666666666667,14,1,True
13964,22,2,438.9,4,2,2,Potential,0.3333333333333333,2,1,False
13965,111,3,996.61,2,3,4,At Risk,0.4,3,2,False
13966,70,1,384.26,2,1,2,Lost,0.0,1,0,False
13967,31,1,85.6,4,1,1,Potential,0.0,1,0,False
13968,58,1,123.66,3,1,1,Potential,0.0,1,0,False
13969,0,18,4266.88,5,5,5,Champions,0.1,18,2,True
13970,21,2,846.55,4,2,3,Potential,0.0,2,0,False
13971,58,6,1909.31,3,4,4,Loyal,0.14285714285714285,6,1,False
13974,217,1,264.13,1,1,2,Lost,0.6666666666666666,1,2,False
13975,28,6,2795.16,4,4,5,Champions,0.14285714285714285,6,1,True
13976,141,3,834.38,2,3,3,At Risk,0.0,3,0,False
13977,46,1,519.8100000000001,3,1,3,Potential,0.0,1,0,False
13979,28,6,2503.76,4,4,5,Champions,0.4,6,4,False
13980,74,4,568.68,2,4,3,At Risk,0.5,4,4,False
13981,50,1,331.14,3,1,2,Potential,0.5,1,1,False
13982,0,6,2511.08,5,4,5,Champions,0.3333333333333333,6,3,False
13983,1,10,4479.82,5,5,5,Champions,0.4444444444444444,10,8,False
13984,1,8,1128.09,5,5,4,Champions,0.0,8,0,True
13985,9,7,2960.73,5,5,5,Champions,0.125,7,1,True
13987,14,2,682.54,5,2,3,Potential,0.0,2,0,False
13988,18,2,609.84,4,2,3,Potential,0.0,2,0,False
13989,99,3,759.98,2,3,3,At Risk,0.0,3,0,False
13992,15,2,142.7,4,2,1,Potential,0.0,2,0,False
13993,14,10,3309.35,5,5,5,Champions,0.16666666666666666,10,2,True
13995,14,9,2508.32,5,5,5,Champions,0.25,9,3,False
13996,21,2,895.76,4,2,3,Potential,0.0,2,0,False
13997,154,3,376.46,2,3,2,At Risk,0.0,3,0,False
13998,81,3,566.7,2,3,3,At Risk,0.0,3,0,False
13999,9,17,5600.45,5,5,5,Champions,0.19047619047619047,17,4,True
14000,49,4,1410.68,3,4,4,Loyal,0.3333333333333333,4,2,False
14001,8,7,2487.01,5,5,5,Champions,0.0,7,0,True
14003,367,1,209.41,1,1,1,Lost,0.0,1,0,False
14004,28,4,1675.81,4,4,4,Champions,0.0,4,0,True
14006,163,4,1234.48,2,4,4,At Risk,0.0,4,0,False
14007,147,1,79.48,2,1,1,Lost,0.0,1,0,False
14008,67,1,509.04,3,1,3,Potential,0.5,1,1,False
14009,97,1,404.3,2,1,2,Lost,0.0,1,0,False
14010,200,2,445.15,1,2,2,Lost,0.3333333333333333,2,1,False
14011,115,2,457.82,2,2,2,Lost,0.3333333333333333,2,1,False
14013,15,2,611.5500000000001,4,2,3,Potential,0.3333333333333333,2,1,False
14014,11,2,1443.03,5,2,4,Potential,0.0,2,0,False
14016,31,7,7062.2,4,5,5,Champions,0.125,7,1,True
14017,206,1,229.75,1,1,1,Lost,0.0,1,0,False
14018,280,1,367.15000000000003,1,1,2,Lost,0.0,1,0,False
14020,111,2,606.21,2,2,3,Lost,0.3333333333333333,2,1,False
14021,9,4,1084.68,5,4,4,Champions,0.0,4,0,True
14022,121,1,352.15000000000003,2,1,2,Lost,0.0,1,0,False
14024,25,1,318.04,4,1,2,Potential,0.0,1,0,False
14025,99,8,4057.9,2,5,5,At Risk,0.2,8,2,False
14026,105,2,713.11,2,2,3,Lost,0.0,2,0,False
14028,185,3,10396.5,1,3,5,At Risk,0.25,3,1,False
14030,1,14,5839.46,5,5,5,Champions,0.125,14,2,True
14031,0,27,23632.72,5,5,5,Champions,0.22857142857142856,27,8,False
14032,1,6,1874.68,5,4,4,Champions,0.25,6,2,False
14033,190,1,109.44,1,1,1,Lost,0.0,1,0,False
14035,41,4,1366.73,3,4,4,Loyal,0.3333333333333333,4,2,False
14037,113,4,689.75,2,4,3,At Risk,0.2,4,1,False
14038,32,2,1509.5,4,2,4,Potential,0.5,2,2,False
14039,210,1,115.08000000000001,1,1,1,Lost,0.0,1,0,False
14040,21,23,8963.49,4,5,5,Champions,0.14814814814814814,23,4,True
14042,360,1,431.98,1,1,2,Lost,0.0,1,0,False
14043,126,2,302.6,2,2,2,Lost,0.3333333333333333,2,1,False
14044,53,6,2427.53,3,4,5,Loyal,0.14285714285714285,6,1,False
14045,8,13,9653.279999999999,5,5,5,Champions,0.1875,13,3,True
14047,7,10,2946.42,5,5,5,Champions,0.2857142857142857,10,4,False
14048,17,2,338.76,4,2,2,Potential,0.0,2,0,False
14049,22,9,7444.68,4,5,5,Champions,0.25,9,3,False
14051,1,15,6784.01,5,5,5,Champions,0.11764705882352941,15,2,True
14052,25,1,241.3,4,1,1,Potential,0.0,1,0,False
14053,32,2,312.05,4,2,2,Potential,0.0,2,0,False
14055,212,2,795.3199999999999,1,2,3,Lost,0.0,2,0,False
14057,16,5,2135.0,4,4,4,Champions,0.0,5,0,True
14058,97,2,469.19,2,2,2,Lost,0.0,2,0,False
14060,1,13,3378.66,5,5,5,Champions,0.07142857142857142,13,1,True
14061,142,3,917.4300000000001,2,3,3,At Risk,0.0,3,0,False
14062,9,12,15120.800000000001,5,5,5,Champions,0.2,12,3,False
14063,321,7,9471.5,1,5,5,At Risk,0.0,7,0,False
14064,65,10,1925.9,3,5,4,Loyal,0.2857142857142857,10,4,False
14065,24,3,891.02,4,3,3,Loyal,0.25,3,1,False
14068,238,3,1250.8700000000001,1,3,4,At Risk,0.25,3,1,False
14069,149,2,225.81,2,2,1,Lost,0.0,2,0,False
14070,319,1,321.6,1,1,2,Lost,0.0,1,0,False
14072,301,1,390.85,1,1,2,Lost,0.0,1,0,False
14074,258,1,219.39999999999998,1,1,1,Lost,0.0,1,0,False
14075,38,2,782.61,3,2,3,Potential,0.0,2,0,False
14077,30,1,115.66,4,1,1,Potential,0.0,1,0,False
14078,8,4,638.69,5,4,3,Champions,0.0,4,0,True
14079,317,1,243.63,1,1,1,Lost,0.0,1,0,False
14080,48,4,1070.08,3,4,4,Loyal,0.2,4,1,False
14081,4,9,4369.47,5,5,5,Champions,0.3076923076923077,9,4,False
14082,27,1,231.10999999999999,4,1,1,Potential,0.0,1,0,False
14083,6,3,373.3,5,3,2,Loyal,0.0,3,0,False
14084,147,1,150.5,2,1,1,Lost,0.0,1,0,False
14085,3,16,5607.43,5,5,5,Champions,0.0,16,0,True
14086,97,1,39.95,2,1,1,Lost,0.0,1,0,False
14087,39,2,638.0,3,2,3,Potential,0.3333333333333333,2,1,False
14088,41,3,13544.99,3,3,5,Loyal,0.5,3,3,False
14091,289,2,9530.08,1,2,5,Lost,0.0,2,0,False
14092,9,10,3152.54,5,5,5,Champions,0.09090909090909091,10,1,True
14094,74,1,311.77,2,1,2,Lost,0.5,1,1,False
14095,357,1,2.95,1,1,1,Lost,0.0,1,0,False
14097,116,2,422.85999999999996,2,2,2,Lost,0.0,2,0,False
14099,10,9,2646.7400000000002,5,5,5,Champions,0.1,9,1,True
14101,23,7,3985.14,4,5,5,Champions,0.125,7,1,True
14103,300,1,0.0,1,1,1,Lost,0.0,1,0,False
14104,24,3,524.3199999999999,4,3,3,Loyal,0.0,3,0,False
14105,43,4,4722.6,3,4,5,Loyal,0.42857142857142855,4,3,False
14106,372,1,214.79999999999998,1,1,1,Lost,0.0,1,0,False
14107,83,4,2174.07,2,4,5,At Risk,0.2,4,1,False
14108,366,2,447.05,1,2,2,Lost,0.0,2,0,False
14110,70,21,7304.8,2,5,5,At Risk,0.045454545454545456,21,1,False
14112,86,6,2919.44,2,4,5,At Risk,0.6,6,9,False
14113,10,12,5252.1900000000005,5,5,5,Champions,0.4782608695652174,12,11,False
14114,30,5,977.5600000000001,4,4,3,Champions,0.0,5,0,True
14115,136,2,622.6700000000001,2,2,3,Lost,0.0,2,0,False
14118,63,1,458.45,3,1,2,Potential,0.0,1,0,False
14119,10,2,183.37,5,2,1,Potential,0.0,2,0,False
14122,41,3,362.42,3,3,2,Loyal,0.4,3,2,False
14123,368,1,436.18,1,1,2,Lost,0.0,1,0,False
14126,79,1,466.33000000000004,2,1,2,Lost,0.0,1,0,False
14127,15,3,1190.3700000000001,4,3,4,Loyal,0.0,3,0,False
14128,186,1,286.71,1,1,2,Lost,0.5,1,1,False
14129,34,4,1467.48,4,4,4,Champions,0.0,4,0,True
14130,10,3,1377.86,5,3,4,Loyal,0.0,3,0,False
14131,283,1,168.22,1,1,1,Lost,0.0,1,0,False
14133,368,1,305.5,1,1,2,Lost,0.0,1,0,False
14134,17,15,11123.35,4,5,5,Champions,0.0,15,0,True
14135,2,11,4953.61,5,5,5,Champions,0.08333333333333333,11,1,True
14136,35,5,1570.81,4,4,4,Champions,0.2857142857142857,5,2,False
14137,330,1,332.7,1,1,2,Lost,0.5,1,1,False
14139,125,3,670.98,2,3,3,At Risk,0.0,3,0,False
14142,8,2,671.34,5,2,3,Potential,0.5,2,2,False
14144,121,1,30.599999999999998,2,1,1,Lost,0.0,1,0,False
14145,94,3,3857.85,2,3,5,At Risk,0.0,3,0,False
14146,18,7,5259.3,4,5,5,Champions,0.0,7,0,True
14147,23,7,2106.8,4,5,4,Champions,0.2222222222222222,7,2,False
14148,49,1,309.09000000000003,3,1,2,Potential,0.0,1,0,False
14151,308,2,679.45,1,2,3,Lost,0.3333333333333333,2,1,False
14152,22,5,1376.05,4,4,4,Champions,0.16666666666666666,5,1,True
14153,118,1,233.4,2,1,1,Lost,0.0,1,0,False
14154,16,6,5115.08,4,4,5,Champions,0.25,6,2,False
14156,6,97,188371.29,5,5,5,Champions,0.23015873015873015,97,29,False
14157,24,3,553.8000000000001,4,3,3,Loyal,0.0,3,0,False
14159,14,9,3221.6,5,5,5,Champions,0.18181818181818182,9,2,True
14160,245,7,8421.47,1,5,5,At Risk,0.0,7,0,False
14161,4,5,2182.46,5,4,5,Champions,0.0,5,0,True
14163,97,1,148.71,2,1,1,Lost,0.0,1,0,False
14166,140,2,251.15,2,2,2,Lost,0.0,2,0,False
14167,99,4,711.7,2,4,3,At Risk,0.0,4,0,False
14168,55,2,370.45,3,2,2,Potential,0.3333333333333333,2,1,False
14169,65,2,613.11,3,2,3,Potential,0.0,2,0,False
14170,10,3,570.18,5,3,3,Loyal,0.0,3,0,False
14171,365,1,135.0,1,1,1,Lost,0.0,1,0,False
14172,240,3,369.02,1,3,2,At Risk,0.25,3,1,False
14173,276,2,135.16,1,2,1,Lost,0.3333333333333333,2,1,False
14175,53,5,4456.58,3,4,5,Loyal,0.5,5,5,False
14176,2,2,339.11,5,2,2,Potential,0.0,2,0,False
14177,16,9,1660.23,4,5,4,Champions,0.0,9,0,True
14180,7,9,1570.73,5,5,4,Champions,0.25,9,3,False
14181,45,2,308.35,3,2,2,Potential,0.0,2,0,False
14182,78,4,678.77,2,4,3,At Risk,0.2,4,1,False
14183,46,2,278.34000000000003,3,2,2,Potential,0.0,2,0,False
14186,62,5,1550.63,3,4,4,Loyal,0.0,5,0,False
14187,108,1,123.5,2,1,1,Lost,0.0,1,0,False
14189,3,2,1160.31,5,2,4,Potential,0.0,2,0,False
14190,301,1,79.9,1,1,1,Lost,0.0,1,0,False
14191,29,2,132.9,4,2,1,Potential,0.3333333333333333,2,1,False
14192,23,1,293.74,4,1,2,Potential,0.0,1,0,False
14193,31,1,356.8,4,1,2,Potential,0.0,1,0,False
14194,27,15,7321.07,4,5,5,Champions,0.3181818181818182,15,7,False
14195,74,4,1603.6,2,4,4,At Risk,0.42857142857142855,4,3,False
14197,45,1,390.05,3,1,2,Potential,0.0,1,0,False
14198,35,5,868.33,4,4,3,Champions,0.16666666666666666,5,1,True
14199,58,3,906.3,3,3,3,Loyal,0.4,3,2,False
14200,252,1,379.2,1,1,2,Lost,0.0,1,0,False
14201,44,3,446.1,3,3,2,Loyal,0.0,3,0,False
14202,16,3,847.76,4,3,3,Loyal,0.0,3,0,False
14203,32,1,339.34,4,1,2,Potential,0.0,1,0,False
14204,57,3,874.22,3,3,3,Loyal,0.0,3,0,False
14205,29,7,1947.5,4,5,4,Champions,0.2222222222222222,7,2,False
14206,23,2,856.85,4,2,3,Potential,0.3333333333333333,2,1,False
14207,322,1,157.8,1,1,1,Lost,0.0,1,0,False
14208,186,1,415.31,1,1,2,Lost,0.0,1,0,False
14209,20,9,2919.84,4,5,5,Champions,0.25,9,3,False
14210,6,11,3955.6800000000003,5,5,5,Champions,0.26666666666666666,11,4,False
14211,46,9,2161.19,3,5,5,Loyal,0.3076923076923077,9,4,False
14212,80,1,1119.6599999999999,2,1,4,Lost,0.0,1,0,False
14213,39,1,1192.2,3,1,4,Potential,0.5,1,1,False
14215,3,4,1626.61,5,4,4,Champions,0.0,4,0,True
14216,49,1,310.74,3,1,2,Potential,0.5,1,1,False
14217,1,7,1411.91,5,5,4,Champions,0.36363636363636365,7,4,False
14219,44,2,543.89,3,2,3,Potential,0.0,2,0,False
14220,202,2,882.5999999999999,1,2,3,Lost,0.0,2,0,False
14221,84,8,3084.69,2,5,5,At Risk,0.1111111111111111,8,1,False
14224,25,5,831.98,4,4,3,Champions,0.0,5,0,True
14225,69,4,2031.07,3,4,4,Loyal,0.2,4,1,False
14226,76,1,770.34,2,1,3,Lost,0.5,1,1,False
14227,49,5,3015.2000000000003,3,4,5,Loyal,0.2857142857142857,5,2,False
14228,72,3,745.5,2,3,3,At Risk,0.0,3,0,False
14229,38,4,1046.84,3,4,4,Loyal,0.3333333333333333,4,2,False
14230,70,3,979.8000000000001,2,3,3,At Risk,0.0,3,0,False
14231,85,1,309.91,2,1,2,Lost,0.0,1,0,False
14233,100,3,1441.55,2,3,4,At Risk,0.4,3,2,False
14235,133,4,1573.1299999999999,2,4,4,At Risk,0.0,4,0,False
14236,7,4,1253.78,5,4,4,Champions,0.3333333333333333,4,2,False
14237,8,2,471.14,5,2,2,Potential,0.3333333333333333,2,1,False
14238,297,2,287.38,1,2,2,Lost,0.0,2,0,False
14239,66,10,1882.3200000000002,3,5,4,Loyal,0.09090909090909091,10,1,False
14240,58,1,357.15,3,1,2,Potential,0.0,1,0,False
14241,331,1,120.0,1,1,1,Lost,0.0,1,0,False
14243,0,8,4842.28,5,5,5,Champions,0.2,8,2,False
14244,295,1,366.41999999999996,1,1,2,Lost,0.5,1,1,False
14247,39,4,616.79,3,4,3,Loyal,0.2,4,1,False
14248,94,2,730.37,2,2,3,Lost,0.0,2,0,False
14249,45,12,5400.461,3,5,5,Loyal,0.0,12,0,False
14252,16,1,350.99,4,1,2,Potential,0.0,1,0,False
14253,128,2,363.40000000000003,2,2,2,Lost,0.0,2,0,False
14254,67,1,601.03,3,1,3,Potential,0.0,1,0,False
14256,126,3,1491.73,2,3,4,At Risk,0.5,3,3,False
14257,15,4,2854.73,4,4,5,Champions,0.0,4,0,True
14258,30,16,19381.36,4,5,5,Champions,0.2727272727272727,16,6,False
14260,106,3,824.28,2,3,3,At Risk,0.0,3,0,False
14263,58,1,322.93,3,1,2,Potential,0.0,1,0,False
14264,14,4,1183.39,5,4,4,Champions,0.3333333333333333,4,2,False
14265,99,2,843.17,2,2,3,Lost,0.0,2,0,False
14266,63,1,40.56,3,1,1,Potential,0.0,1,0,False
14268,105,1,354.85,2,1,2,Lost,0.0,1,0,False
14269,74,1,295.73,2,1,2,Lost,0.5,1,1,False
14271,44,1,101.86,3,1,1,Potential,0.0,1,0,False
14272,197,2,482.85,1,2,2,Lost,0.0,2,0,False
14274,321,1,256.6,1,1,2,Lost,0.0,1,0,False
14275,30,6,1189.3799999999999,4,4,4,Champions,0.0,6,0,True
14276,42,4,982.94,3,4,4,Loyal,0.5,4,4,False
14277,46,5,12655.16,3,4,5,Loyal,0.4444444444444444,5,4,False
14278,44,1,205.83,3,1,1,Potential,0.0,1,0,False
14279,155,2,191.86,2,2,1,Lost,0.0,2,0,False
14281,43,1,245.15,3,1,1,Potential,0.0,1,0,False
14282,2,11,4120.32,5,5,5,Champions,0.08333333333333333,11,1,True
14283,98,4,628.4399999999999,2,4,3,At Risk,0.0,4,0,False
14284,288,1,704.4,1,1,3,Lost,0.0,1,0,False
14285,148,4,1374.41,2,4,4,At Risk,0.2,4,1,False
14286,39,4,3851.0099999999998,3,4,5,Loyal,0.42857142857142855,4,3,False
14290,48,3,2201.91,3,3,5,Loyal,0.625,3,5,False
14291,15,12,4020.85,4,5,5,Champions,0.07692307692307693,12,1,True
14292,45,7,4354.32,3,5,5,Loyal,0.46153846153846156,7,6,False
14293,3,6,2221.37,5,4,5,Champions,0.14285714285714285,6,1,True
14294,42,1,375.34,3,1,2,Potential,0.0,1,0,False
14295,73,3,2186.71,2,3,5,At Risk,0.4,3,2,False
14296,56,2,456.40000000000003,3,2,2,Potential,0.3333333333333333,2,1,False
14298,10,38,39667.19,5,5,5,Champions,0.02564102564102564,38,1,True
14299,0,19,10533.87,5,5,5,Champions,0.24,19,6,False
14301,51,3,1352.04,3,3,4,Loyal,0.4,3,2,False
14302,65,3,742.9000000000001,3,3,3,Loyal,0.0,3,0,False
14303,42,2,277.94,3,2,2,Potential,0.0,2,0,False
14304,14,2,1341.56,5,2,4,Potential,0.3333333333333333,2,1,False
14306,13,4,1058.0800000000002,5,4,4,Champions,0.0,4,0,True
14307,8,5,2075.31,5,4,4,Champions,0.16666666666666666,5,1,True
14309,48,2,1428.28,3,2,4,Potential,0.0,2,0,False
14310,67,1,492.1,3,1,2,Potential,0.0,1,0,False
14311,202,1,206.19,1,1,1,Lost,0.0,1,0,False
14312,13,5,1478.7,5,4,4,Champions,0.0,5,0,True
14314,65,1,109.80000000000001,3,1,1,Potential,0.5,1,1,False
14315,199,2,716.69,1,2,3,Lost,0.3333333333333333,2,1,False
14316,57,5,1370.34,3,4,4,Loyal,0.16666666666666666,5,1,False
14318,95,1,158.02,2,1,1,Lost,0.0,1,0,False
14319,59,1,494.85,3,1,2,Potential,0.5,1,1,False
14320,181,3,868.96,1,3,3,At Risk,0.25,3,1,False
14321,66,2,687.3100000000001,3,2,3,Potential,0.3333333333333333,2,1,False
14322,64,4,474.1,3,4,2,Loyal,0.3333333333333333,4,2,False
14324,44,2,701.61,3,2,3,Potential,0.0,2,0,False
14325,204,1,245.48000000000002,1,1,1,Lost,0.0,1,0,False
14326,98,2,757.13,2,2,3,Lost,0.0,2,0,False
14327,17,5,1583.28,4,4,4,Champions,0.0,5,0,True
14329,10,8,4912.38,5,5,5,Champions,0.42857142857142855,8,6,False
14330,258,1,200.63,1,1,1,Lost,0.0,1,0,False
14332,16,2,1077.2,4,2,4,Potential,0.0,2,0,False
14334,60,4,1766.27,3,4,4,Loyal,0.2,4,1,False
14338,171,1,339.88,2,1,2,Lost,0.0,1,0,False
14339,63,1,310.75,3,1,2,Potential,0.0,1,0,False
14341,55,10,2285.04,3,5,5,Loyal,0.09090909090909091,10,1,False
14342,67,2,249.88,3,2,2,Potential,0.3333333333333333,2,1,False
14343,56,4,1079.66,3,4,4,Loyal,0.0,4,0,False
14344,2,14,2443.77,5,5,5,Champions,0.0,14,0,True
14346,60,3,1294.17,3,3,4,Loyal,0.0,3,0,False
14347,371,1,82.6,1,1,1,Lost,0.0,1,0,False
14350,15,2,689.1,4,2,3,Potential,0.0,2,0,False
14353,45,2,285.9,3,2,2,Potential,0.0,2,0,False
14355,0,3,840.0500000000001,5,3,3,Loyal,0.0,3,0,False
14358,24,2,400.06,4,2,2,Potential,0.3333333333333333,2,1,False
14361,213,1,214.70999999999998,1,1,1,Lost,0.0,1,0,False
14363,37,2,227.47000000000003,3,2,1,Potential,0.0,2,0,False
14365,29,2,634.68,4,2,3,Potential,0.0,2,0,False
14366,160,1,136.0,2,1,1,Lost,0.0,1,0,False
14369,277,2,469.13,1,2,2,Lost,0.0,2,0,False
14370,85,6,1175.78,2,4,4,At Risk,0.3333333333333333,6,3,False
14372,78,2,860.08,2,2,3,Lost,0.3333333333333333,2,1,False
14374,176,1,108.0,1,1,1,Lost,0.0,1,0,False
14375,85,2,871.26,2,2,3,Lost,0.0,2,0,False
14376,318,1,215.46,1,1,1,Lost,0.0,1,0,False
14378,256,1,131.25,1,1,1,Lost,0.0,1,0,False
14379,28,2,917.06,4,2,3,Potential,0.0,2,0,False
14380,317,1,48.96,1,1,1,Lost,0.0,1,0,False
14381,86,1,423.26,2,1,2,Lost,0.0,1,0,False
14382,25,1,578.14,4,1,3,Potential,0.5,1,1,False
14384,135,1,58.5,2,1,1,Lost,0.0,1,0,False
14388,7,9,3488.16,5,5,5,Champions,0.25,9,3,False
14389,59,3,854.55,3,3,3,Loyal,0.5,3,3,False
14390,7,5,1731.16,5,4,4,Champions,0.2857142857142857,5,2,False
14391,211,1,135.6,1,1,1,Lost,0.0,1,0,False
14392,67,1,266.4,3,1,2,Potential,0.0,1,0,False
14394,199,1,93.8,1,1,1,Lost,0.0,1,0,False
14395,7,12,4630.7,5,5,5,Champions,0.07692307692307693,12,1,True
14396,6,6,1591.74,5,4,4,Champions,0.0,6,0,True
14398,36,2,707.79,3,2,3,Potential,0.0,2,0,False
14399,29,8,2108.21,4,5,4,Champions,0.1111111111111111,8,1,True
14400,43,2,1157.77,3,2,4,Potential,0.3333333333333333,2,1,False
14401,59,9,2744.42,3,5,5,Loyal,0.18181818181818182,9,2,False
14402,287,1,285.6,1,1,2,Lost,0.0,1,0,False
14403,224,2,404.7,1,2,2,Lost,0.5,2,2,False
14404,4,8,1404.04,5,5,4,Champions,0.1111111111111111,8,1,True
14405,21,1,195.0,4,1,1,Potential,0.0,1,0,False
14408,106,4,1503.2400000000002,2,4,4,At Risk,0.0,4,0,False
14409,3,5,1696.64,5,4,4,Champions,0.16666666666666666,5,1,True
14410,11,2,1531.63,5,2,4,Potential,0.0,2,0,False
14412,59,1,656.16,3,1,3,Potential,0.0,1,0,False
14413,45,3,643.47,3,3,3,Loyal,0.0,3,0,False
14414,9,1,902.35,5,1,3,Potential,0.0,1,0,False
14415,14,10,6124.52,5,5,5,Champions,0.2857142857142857,10,4,False
14417,22,1,524.65,4,1,3,Potential,0.0,1,0,False
14419,17,1,202.85,4,1,1,Potential,0.0,1,0,False
14420,31,3,1251.65,4,3,4,Loyal,0.4,3,2,False
14421,147,4,1656.26,2,4,4,At Risk,0.2,4,1,False
14422,9,13,6007.88,5,5,5,Champions,0.13333333333333333,13,2,True
14423,72,2,651.41,2,2,3,Lost,0.3333333333333333,2,1,False
14425,69,3,661.39,3,3,3,Loyal,0.4,3,2,False
14426,38,7,7246.27,3,5,5,Loyal,0.36363636363636365,7,4,False
14427,129,2,900.1800000000001,2,2,3,Lost,0.0,2,0,False
14429,38,1,516.28,3,1,3,Potential,0.0,1,0,False
14430,146,3,1220.9,2,3,4,At Risk,0.4,3,2,False
14431,14,3,2143.84,5,3,5,Loyal,0.0,3,0,False
14433,100,1,280.7,2,1,2,Lost,0.0,1,0,False
14435,136,1,90.42,2,1,1,Lost,0.0,1,0,False
14436,188,1,182.64000000000001,1,1,1,Lost,0.0,1,0,False
14437,0,5,873.34,5,4,3,Champions,0.16666666666666666,5,1,True
14439,78,4,6781.8,2,4,5,At Risk,0.0,4,0,False
14440,0,9,4281.05,5,5,5,Champions,0.18181818181818182,9,2,True
14441,9,7,2898.8,5,5,5,Champions,0.3,7,3,False
14442,49,5,3777.2,3,4,5,Loyal,0.2857142857142857,5,2,False
14443,3,2,966.27,5,2,3,Potential,0.5,2,2,False
14444,91,1,120.44,2,1,1,Lost,0.0,1,0,False
14445,90,1,221.65,2,1,1,Lost,0.0,1,0,False
14446,21,1,189.93,4,1,1,Potential,0.0,1,0,False
14447,35,1,548.5,4,1,3,Potential,0.0,1,0,False
14449,7,5,1555.4,5,4,4,Champions,0.0,5,0,True
14450,14,4,645.19,5,4,3,Champions,0.0,4,0,True
14451,24,10,2614.78,4,5,5,Champions,0.375,10,6,False
14452,30,2,399.9,4,2,2,Potential,0.0,2,0,False
14454,11,5,977.3,5,4,3,Champions,0.16666666666666666,5,1,True
14455,67,4,617.72,3,4,3,Loyal,0.2,4,1,False
14458,15,1,219.26999999999998,4,1,1,Potential,0.0,1,0,False
14459,286,1,3537.821,1,1,5,Lost,0.5,1,1,False
14460,31,6,659.16,4,4,3,Champions,0.25,6,2,False
14461,17,10,4573.85,4,5,5,Champions,0.09090909090909091,10,1,True
14462,67,1,262.24,3,1,2,Potential,0.0,1,0,False
14463,134,1,256.95,2,1,2,Lost,0.0,1,0,False
14464,203,2,111.0,1,2,1,Lost,0.0,2,0,False
14465,63,8,2887.4100000000003,3,5,5,Loyal,0.0,8,0,False
14466,7,7,2374.5,5,5,5,Champions,0.0,7,0,True
14467,24,8,1606.98,4,5,4,Champions,0.0,8,0,True
14468,368,1,204.24,1,1,1,Lost,0.0,1,0,False
14469,51,4,2093.46,3,4,4,Loyal,0.0,4,0,False
14470,65,1,250.85,3,1,2,Potential,0.0,1,0,False
14471,226,2,400.95,1,2,2,Lost,0.0,2,0,False
14472,324,1,266.05,1,1,2,Lost,0.0,1,0,False
14474,214,1,711.23,1,1,3,Lost,0.0,1,0,False
14475,43,1,225.3,3,1,1,Potential,0.0,1,0,False
14477,71,3,660.0,2,3,3,At Risk,0.4,3,2,False
14478,17,4,1276.66,4,4,4,Champions,0.0,4,0,True
14479,0,3,982.86,5,3,4,Loyal,0.0,3,0,False
14480,37,3,1020.47,3,3,4,Loyal,0.25,3,1,False
14481,42,3,1648.18,3,3,4,Loyal,0.0,3,0,False
14482,14,6,2283.91,5,4,5,Champions,0.25,6,2,False
14483,371,1,120.0,1,1,1,Lost,0.0,1,0,False
14484,36,3,749.0600000000001,3,3,3,Loyal,0.0,3,0,False
14486,146,2,175.5,2,2,1,Lost,0.0,2,0,False
14487,3,2,225.89000000000001,5,2,1,Potential,0.3333333333333333,2,1,False
14489,72,3,1111.55,2,3,4,At Risk,0.0,3,0,False
14490,41,2,1273.47,3,2,4,Potential,0.0,2,0,False
14491,7,1,127.2,5,1,1,Potential,0.0,1,0,False
14492,65,7,1921.91,3,5,4,Loyal,0.3,7,3,False
14493,25,5,2704.62,4,4,5,Champions,0.2857142857142857,5,2,False
14494,36,2,261.9,3,2,2,Potential,0.0,2,0,False
14495,294,1,51.0,1,1,1,Lost,0.5,1,1,False
14496,8,6,2129.42,5,4,4,Champions,0.3333333333333333,6,3,False
14497,308,1,221.69,1,1,1,Lost,0.0,1,0,False
14498,36,5,1943.51,3,4,4,Loyal,0.0,5,0,False
14499,9,4,1293.3500000000001,5,4,4,Champions,0.42857142857142855,4,3,False
14505,39,11,6013.65,3,5,5,Loyal,0.3125,11,5,False
14506,4,3,1256.6000000000001,5,3,4,Loyal,0.0,3,0,False
14507,13,5,1848.8600000000001,5,4,4,Champions,0.2857142857142857,5,2,False
14508,11,3,554.87,5,3,3,Loyal,0.25,3,1,False
14509,169,1,110.95,2,1,1,Lost,0.0,1,0,False
14510,10,3,979.85,5,3,3,Loyal,0.25,3,1,False
14512,18,5,940.69,4,4,3,Champions,0.0,5,0,True
14513,71,3,332.42,2,3,2,At Risk,0.0,3,0,False
14514,71,6,3389.84,2,4,5,At Risk,0.14285714285714285,6,1,False
14515,22,6,1647.17,4,4,4,Champions,0.3333333333333333,6,3,False
14516,151,1,151.17,2,1,1,Lost,0.0,1,0,False
14519,318,2,203.14,1,2,1,Lost,0.0,2,0,False
14521,126,1,199.45000000000002,2,1,1,Lost,0.5,1,1,False
14522,230,4,773.8800000000001,1,4,3,At Risk,0.0,4,0,False
14524,44,4,1066.03,3,4,4,Loyal,0.0,4,0,False
14525,63,8,3802.69,3,5,5,Loyal,0.0,8,0,False
14526,24,1,258.65,4,1,2,Potential,0.0,1,0,False
14527,0,69,19216.28,5,5,5,Champions,0.35514018691588783,69,38,False
14530,31,10,3226.76,4,5,5,Champions,0.23076923076923078,10,3,False
14531,114,1,376.34,2,1,2,Lost,0.0,1,0,False
14532,46,7,2912.93,3,5,5,Loyal,0.125,7,1,False
14533,42,4,1516.65,3,4,4,Loyal,0.3333333333333333,4,2,False
14534,32,8,1787.41,4,5,4,Champions,0.38461538461538464,8,5,False
14535,30,6,3107.05,4,4,5,Champions,0.14285714285714285,6,1,True
14537,258,1,285.84000000000003,1,1,2,Lost,0.5,1,1,False
14538,165,3,982.59,2,3,4,At Risk,0.0,3,0,False
14540,14,8,2756.98,5,5,5,Champions,0.1111111111111111,8,1,True
14541,51,6,1038.03,3,4,4,Loyal,0.0,6,0,False
14543,15,23,10988.14,4,5,5,Champions,0.20689655172413793,23,6,False
14544,105,1,934.23,2,1,3,Lost,0.0,1,0,False
14545,309,1,349.25,1,1,2,Lost,0.0,1,0,False
14546,11,6,2610.91,5,4,5,Champions,0.45454545454545453,6,5,False
14548,119,7,1888.49,2,5,4,At Risk,0.0,7,0,False
14549,55,3,624.36,3,3,3,Loyal,0.0,3,0,False
14550,23,2,587.69,4,2,3,Potential,0.0,2,0,False
14551,46,5,691.86,3,4,3,Loyal,0.2857142857142857,5,2,False
14552,15,2,343.71,4,2,2,Potential,0.0,2,0,False
14553,46,4,959.33,3,4,3,Loyal,0.2,4,1,False
14555,16,4,1991.49,4,4,4,Champions,0.2,4,1,False
14556,231,3,815.69,1,3,3,At Risk,0.0,3,0,False
14558,289,3,655.5,1,3,3,At Risk,0.4,3,2,False
14559,25,1,75.6,4,1,1,Potential,0.0,1,0,False
14560,14,22,3876.2599999999998,5,5,5,Champions,0.0,22,0,True
14562,25,8,1631.38,4,5,4,Champions,0.0,8,0,True
14563,144,2,625.42,2,2,3,Lost,0.0,2,0,False
14564,69,2,2605.62,3,2,5,Potential,0.6,2,3,False
14565,108,1,760.1,2,1,3,Lost,0.0,1,0,False
14566,52,3,2660.0,3,3,5,Loyal,0.0,3,0,False
14568,70,1,919.7,2,1,3,Lost,0.5,1,1,False
14569,87,3,369.94,2,3,2,At Risk,0.0,3,0,False
14570,78,1,295.19,2,1,2,Lost,0.0,1,0,False
14571,60,1,160.0,3,1,1,Potential,0.0,1,0,False
14572,52,4,2716.44,3,4,5,Loyal,0.2,4,1,False
14573,7,5,925.3,5,4,3,Champions,0.0,5,0,True
14574,367,1,143.70000000000002,1,1,1,Lost,0.0,1,0,False
14575,123,1,420.22,2,1,2,Lost,0.0,1,0,False
14576,7,1,35.400000000000006,5,1,1,Potential,0.0,1,0,False
14577,29,3,504.44,4,3,3,Loyal,0.0,3,0,False
14579,67,1,105.56,3,1,1,Potential,0.0,1,0,False
14580,153,1,14.850000000000001,2,1,1,Lost,0.0,1,0,False
14581,179,1,271.05,1,1,2,Lost,0.0,1,0,False
14583,18,3,673.33,4,3,3,Loyal,0.0,3,0,False
14584,56,4,705.1,3,4,3,Loyal,0.0,4,0,False
14585,17,4,986.22,4,4,4,Champions,0.0,4,0,True
14588,213,1,135.39,1,1,1,Lost,0.0,1,0,False
14589,6,1,39.75,5,1,1,Potential,0.0,1,0,False
14590,59,20,2993.37,3,5,5,Loyal,0.2857142857142857,20,8,False
14593,32,9,3040.88,4,5,5,Champions,0.4,9,6,False
14594,8,1,255.0,5,1,2,Potential,0.0,1,0,False
14595,88,2,423.85,2,2,2,Lost,0.0,2,0,False
14596,261,1,222.22000000000003,1,1,1,Lost,0.0,1,0,False
14597,14,4,1318.3899999999999,5,4,4,Champions,0.0,4,0,True
14598,204,1,162.07,1,1,1,Lost,0.5,1,1,False
14599,25,2,457.89,4,2,2,Potential,0.0,2,0,False
14600,28,1,471.84000000000003,4,1,2,Potential,0.0,1,0,False
14602,291,1,205.35999999999999,1,1,1,Lost,0.0,1,0,False
14604,268,1,136.35999999999999,1,1,1,Lost,0.0,1,0,False
14605,9,4,920.71,5,4,3,Champions,0.0,4,0,True
14606,1,101,18389.48,5,5,5,Champions,0.24060150375939848,101,32,False
14607,102,8,7553.63,2,5,5,At Risk,0.2,8,2,False
14608,14,6,1557.79,5,4,4,Champions,0.14285714285714285,6,1,True
14609,25,6,884.64,4,4,3,Champions,0.14285714285714285,6,1,True
14610,30,2,24.35,4,2,1,Potential,0.0,2,0,False
14611,78,2,604.3299999999999,2,2,3,Lost,0.3333333333333333,2,1,False
14612,50,1,877.7,3,1,3,Potential,0.0,1,0,False
14613,315,1,76.32000000000001,1,1,1,Lost,0.0,1,0,False
14614,21,1,295.13,4,1,2,Potential,0.0,1,0,False
14615,29,5,951.76,4,4,3,Champions,0.16666666666666666,5,1,True
14616,20,2,121.7,4,2,1,Potential,0.0,2,0,False
14617,37,2,190.47000000000003,3,2,1,Potential,0.0,2,0,False
14618,11,4,788.88,5,4,3,Champions,0.3333333333333333,4,2,False
14619,176,1,896.8000000000001,1,1,3,Lost,0.0,1,0,False
14621,146,4,1212.21,2,4,4,At Risk,0.6,4,6,False
14623,15,5,1130.28,4,4,4,Champions,0.16666666666666666,5,1,True
14624,50,4,588.22,3,4,3,Loyal,0.0,4,0,False
14625,9,9,3598.25,5,5,5,Champions,0.35714285714285715,9,5,False
14626,30,7,2619.65,4,5,5,Champions,0.125,7,1,True
14627,14,1,462.75,5,1,2,Potential,0.5,1,1,False
14628,77,3,1326.04,2,3,4,At Risk,0.0,3,0,False
14630,119,1,338.65,2,1,2,Lost,0.0,1,0,False
14631,21,3,1018.71,4,3,4,Loyal,0.25,3,1,False
14634,72,4,2124.46,2,4,4,At Risk,0.42857142857142855,4,3,False
14635,88,1,215.22,2,1,1,Lost,0.0,1,0,False
14637,312,1,106.67999999999999,1,1,1,Lost,0.0,1,0,False
14639,43,3,1994.47,3,3,4,Loyal,0.0,3,0,False
14640,44,4,1541.98,3,4,4,Loyal,0.5,4,4,False
14643,252,3,986.08,1,3,4,At Risk,0.0,3,0,False
14644,49,5,1416.96,3,4,4,Loyal,0.375,5,3,False
14645,269,1,279.8,1,1,2,Lost,0.5,1,1,False
14646,9,78,248396.5,5,5,5,Champions,0.10344827586206896,78,9,True
14647,158,1,270.0,2,1,2,Lost,0.0,1,0,False
14648,51,15,4463.39,3,5,5,Loyal,0.21052631578947367,15,4,False
14649,17,5,2248.6,4,4,5,Champions,0.2857142857142857,5,2,False
14650,223,1,62.5,1,1,1,Lost,0.0,1,0,False
14651,29,7,1371.77,4,5,4,Champions,0.0,7,0,True
14653,148,5,1666.41,2,4,4,At Risk,0.0,5,0,False
14654,373,1,246.86,1,1,1,Lost,0.0,1,0,False
14655,23,3,1946.28,4,3,4,Loyal,0.5714285714285714,3,4,False
14656,50,3,498.95,3,3,3,Loyal,0.0,3,0,False
14657,64,2,601.97,3,2,3,Potential,0.0,2,0,False
14662,62,3,635.06,3,3,3,Loyal,0.0,3,0,False
14663,65,2,490.6,3,2,2,Potential,0.0,2,0,False
14665,62,2,913.95,3,2,3,Potential,0.0,2,0,False
14667,0,31,12386.51,5,5,5,Champions,0.1388888888888889,31,5,True
14668,80,1,111.63,2,1,1,Lost,0.0,1,0,False
14669,268,4,1957.54,1,4,4,At Risk,0.0,4,0,False
14670,367,1,190.47,1,1,1,Lost,0.0,1,0,False
14671,184,2,1127.45,1,2,4,Lost,0.0,2,0,False
14672,150,2,347.59,2,3,2,At Risk,0.0,2,0,False
14673,2,3,1674.41,5,3,4,Loyal,0.0,3,0,False
14674,144,1,173.66,2,1,1,Lost,0.0,1,0,False
14675,23,1,419.22,4,1,2,Potential,0.0,1,0,False
14676,29,6,5808.55,4,4,5,Champions,0.25,6,2,False
14677,227,1,184.91,1,1,1,Lost,0.0,1,0,False
14678,214,1,403.39,1,1,2,Lost,0.5,1,1,False
14679,16,3,1289.44,4,3,4,Loyal,0.4,3,2,False
14680,6,43,28615.27,5,5,5,Champions,0.3384615384615385,43,22,False
14681,22,3,376.20000000000005,4,3,2,Loyal,0.0,3,0,False
14682,63,4,1462.81,3,4,4,Loyal,0.0,4,0,False
14683,223,1,146.56,1,1,1,Lost,0.0,1,0,False
14684,25,1,228.52,4,1,1,Potential,0.0,1,0,False
14685,211,8,4536.64,1,5,5,At Risk,0.38461538461538464,8,5,False
14686,49,5,852.53,3,4,3,Loyal,0.16666666666666666,5,1,False
14687,35,2,773.6800000000001,4,3,3,Loyal,0.0,2,0,False
14688,8,8,2056.3,5,5,4,Champions,0.0,8,0,True
14690,27,2,422.63,4,3,2,Loyal,0.0,2,0,False
14692,15,8,1123.59,4,5,4,Champions,0.0,8,0,True
14693,60,6,992.46,3,4,4,Loyal,0.14285714285714285,6,1,False
14694,252,1,244.31,1,1,1,Lost,0.0,1,0,False
14695,154,3,1534.22,2,3,4,At Risk,0.25,3,1,False
14696,8,2,688.95,5,3,3,Loyal,0.3333333333333333,2,1,False
14699,70,3,593.47,2,3,3,At Risk,0.0,3,0,False
14700,50,2,880.96,3,3,3,Loyal,0.0,2,0,False
14701,77,6,1961.02,2,4,4,At Risk,0.0,6,0,False
14702,0,13,3415.64,5,5,5,Champions,0.13333333333333333,13,2,True
14704,59,2,258.96,3,3,2,Loyal,0.0,2,0,False
14706,253,1,367.54,1,1,2,Lost,0.0,1,0,False
14707,70,2,139.2,2,3,1,At Risk,0.0,2,0,False
14708,3,3,1085.91,5,3,4,Loyal,0.0,3,0,False
14709,14,12,3965.29,5,5,5,Champions,0.07692307692307693,12,1,True
14710,14,9,1300.31,5,5,4,Champions,0.0,9,0,True
14712,53,1,411.0,3,1,2,Potential,0.0,1,0,False
14713,0,11,2752.11,5,5,5,Champions,0.21428571428571427,11,3,False
14714,42,3,746.05,3,3,3,Loyal,0.5,3,3,False
14715,77,4,942.17,2,4,3,At Risk,0.0,4,0,False
14716,79,1,235.77,2,1,1,Lost,0.0,1,0,False
14717,368,1,81.3,1,1,1,Lost,0.5,1,1,False
14718,45,1,226.42,3,1,1,Potential,0.0,1,0,False
14721,14,1,109.07,5,1,1,Potential,0.0,1,0,False
14722,112,2,309.1,2,3,2,At Risk,0.0,2,0,False
14723,6,7,926.19,5,5,3,Champions,0.0,7,0,True
14724,225,1,341.9,1,1,2,Lost,0.0,1,0,False
14725,29,3,591.28,4,3,3,Loyal,0.25,3,1,False
14726,289,1,116.5,1,1,1,Lost,0.0,1,0,False
14727,181,2,192.45,1,3,1,At Risk,0.3333333333333333,2,1,False
14728,48,1,190.58,3,1,1,Potential,0.0,1,0,False
14729,8,3,586.24,5,3,3,Loyal,0.0,3,0,False
14732,27,11,2814.58,4,5,5,Champions,0.21428571428571427,11,3,False
14733,2,4,6579.26,5,4,5,Champions,0.0,4,0,True
14734,60,4,1056.42,3,4,4,Loyal,0.2,4,1,False
14735,23,24,6174.47,4,5,5,Champions,0.04,24,1,True
14736,120,2,374.05,2,3,2,At Risk,0.0,2,0,False
14737,35,1,2389.62,4,1,5,Potential,0.0,1,0,False
14738,195,2,507.45,1,3,3,At Risk,0.3333333333333333,2,1,False
14739,2,19,8385.22,5,5,5,Champions,0.09523809523809523,19,2,True
14740,44,8,2712.85,3,5,5,Loyal,0.1111111111111111,8,1,False
14741,7,2,497.25,5,3,2,Loyal,0.0,2,0,False
14742,70,1,579.85,2,1,3,Lost,0.0,1,0,False
14743,227,1,50.48,1,1,1,Lost,0.0,1,0,False
14744,1,8,2785.1,5,5,5,Champions,0.0,8,0,True
14745,136,7,1331.15,2,5,4,At Risk,0.36363636363636365,7,4,False
14746,41,4,593.5,3,4,3,Loyal,0.0,4,0,False
14748,3,7,1736.57,5,5,4,Champions,0.4166666666666667,7,5,False
14749,114,1,310.15,2,1,2,Lost,0.0,1,0,False
14750,371,1,112.03,1,1,1,Lost,0.0,1,0,False
14751,319,2,126.45,1,3,1,At Risk,0.0,2,0,False
14753,95,1,306.36,2,1,2,Lost,0.0,1,0,False
14754,60,4,909.88,3,4,3,Loyal,0.2,4,1,False
14755,16,14,4962.27,4,5,5,Champions,0.2222222222222222,14,4,False
14756,17,2,1914.8,4,3,4,Loyal,0.3333333333333333,2,1,False
14758,31,3,1380.9099999999999,4,3,4,Loyal,0.0,3,0,False
14761,79,1,192.02,2,1,1,Lost,0.0,1,0,False
14762,261,1,117.05000000000001,1,1,1,Lost,0.0,1,0,False
14766,1,6,4082.76,5,4,5,Champions,0.3333333333333333,6,3,False
14767,109,1,382.81,2,1,2,Lost,0.0,1,0,False
14769,25,9,5097.13,4,5,5,Champions,0.18181818181818182,9,2,True
14770,102,6,2761.2200000000003,2,4,5,At Risk,0.14285714285714285,6,1,False
14771,256,2,594.62,1,3,3,At Risk,0.3333333333333333,2,1,False
14773,227,1,140.55,1,1,1,Lost,0.5,1,1,False
14774,163,1,241.45,2,1,1,Lost,0.0,1,0,False
14775,7,1,406.56,5,1,2,Potential,0.0,1,0,False
14776,22,4,1170.0,4,4,4,Champions,0.3333333333333333,4,2,False
14777,38,1,307.56,3,1,2,Potential,0.5,1,1,False
14783,294,1,307.3,1,1,2,Lost,0.5,1,1,False
14784,24,1,159.94,4,1,1,Potential,0.0,1,0,False
14786,185,1,90.96,1,1,1,Lost,0.0,1,0,False
14787,106,1,110.65,2,1,1,Lost,0.0,1,0,False
14788,231,1,476.88,1,1,2,Lost,0.0,1,0,False
14790,9,6,1781.56,5,5,4,Champions,0.0,6,0,True
14791,241,1,303.63,1,1,2,Lost,0.0,1,0,False
14793,170,1,396.91,2,1,2,Lost,0.0,1,0,False
14794,37,3,633.99,3,3,3,Loyal,0.25,3,1,False
14796,1,11,2865.05,5,5,5,Champions,0.21428571428571427,11,3,False
14797,142,1,300.31,2,1,2,Lost,0.0,1,0,False
14798,16,5,550.5699999999999,4,4,3,Champions,0.16666666666666666,5,1,True
14799,372,1,180.45,1,1,1,Lost,0.0,1,0,False
14800,4,6,3404.13,5,5,5,Champions,0.25,6,2,False
14805,39,3,536.15,3,3,3,Loyal,0.0,3,0,False
14806,74,1,110.03999999999999,2,1,1,Lost,0.0,1,0,False
14807,25,2,504.14,4,3,3,Loyal,0.0,2,0,False
14809,256,2,686.76,1,3,3,At Risk,0.0,2,0,False
14810,4,3,446.59,5,3,2,Loyal,0.0,3,0,False
14811,22,1,170.5,4,1,1,Potential,0.0,1,0,False
14812,233,1,178.85,1,1,1,Lost,0.0,1,0,False
14813,4,4,888.91,5,4,3,Champions,0.0,4,0,True
14814,216,1,152.96,1,1,1,Lost,0.0,1,0,False
14817,30,5,2849.52,4,4,5,Champions,0.2857142857142857,5,2,False
14818,93,3,495.76,2,3,2,At Risk,0.0,3,0,False
14819,129,2,184.34,2,3,1,At Risk,0.0,2,0,False
14820,15,5,767.47,4,4,3,Champions,0.0,5,0,True
14821,1,7,1230.15,5,5,4,Champions,0.0,7,0,True
14822,120,1,157.70000000000002,2,1,1,Lost,0.0,1,0,False
14824,14,6,2895.2000000000003,5,5,5,Champions,0.25,6,2,False
14825,3,13,2698.17,5,5,5,Champions,0.1875,13,3,True
14826,216,2,385.2,1,3,2,At Risk,0.0,2,0,False
14827,300,1,0.0,1,1,1,Lost,0.0,1,0,False
14828,23,10,7699.7,4,5,5,Champions,0.09090909090909091,10,1,True
14829,7,4,995.29,5,4,4,Champions,0.0,4,0,True
14831,315,3,1676.57,1,3,4,At Risk,0.5714285714285714,3,4,False
14833,133,1,94.8,2,1,1,Lost,0.0,1,0,False
14834,42,1,485.86,3,1,2,Potential,0.0,1,0,False
14835,163,2,297.0,2,3,2,At Risk,0.3333333333333333,2,1,False
14837,77,5,1810.82,2,4,4,At Risk,0.2857142857142857,5,2,False
14838,58,2,769.9200000000001,3,3,3,Loyal,0.0,2,0,False
14839,53,3,915.28,3,3,3,Loyal,0.0,3,0,False
14840,174,1,299.86,2,1,2,Lost,0.5,1,1,False
14841,9,8,3867.2400000000002,5,5,5,Champions,0.0,8,0,True
14843,71,1,211.79999999999998,2,1,1,Lost,0.0,1,0,False
14844,65,6,3512.62,3,5,5,Loyal,0.25,6,2,False
14845,234,1,150.0,1,1,1,Lost,0.0,1,0,False
14846,62,1,437.4,3,1,2,Potential,0.5,1,1,False
14847,42,2,1039.55,3,3,4,Loyal,0.3333333333333333,2,1,False
14848,39,1,310.56,3,1,2,Potential,0.0,1,0,False
14849,8,21,7832.91,5,5,5,Champions,0.16,21,4,True
14850,52,6,1445.21,3,5,4,Loyal,0.25,6,2,False
14851,265,1,318.06,1,1,2,Lost,0.0,1,0,False
14852,59,12,3295.7400000000002,3,5,5,Loyal,0.2,12,3,False
14853,58,3,901.0699999999999,3,3,3,Loyal,0.25,3,1,False
14854,25,4,1563.03,4,4,4,Champions,0.3333333333333333,4,2,False
14855,109,5,5874.65,2,4,5,At Risk,0.0,5,0,False
14857,77,5,2478.731,2,4,5,At Risk,0.2857142857142857,5,2,False
14858,140,1,180.75,2,1,1,Lost,0.0,1,0,False
14859,189,1,351.9,1,1,2,Lost,0.0,1,0,False
14861,15,9,1254.94,4,5,4,Champions,0.3076923076923077,9,4,False
14865,7,3,77.52000000000001,5,3,1,Loyal,0.0,3,0,False
14866,1,7,6450.32,5,5,5,Champions,0.0,7,0,True
14867,30,13,2241.78,4,5,5,Champions,0.1875,13,3,True
14868,15,4,1230.42,4,4,4,Champions,0.0,4,0,True
14869,23,4,2056.69,4,4,4,Champions,0.3333333333333333,4,2,False
14870,48,5,1511.7,3,4,4,Loyal,0.375,5,3,False
14871,128,5,726.89,2,4,3,At Risk,0.0,5,0,False
14872,118,3,816.6,2,3,3,At Risk,0.25,3,1,False
14873,268,1,334.45,1,1,2,Lost,0.0,1,0,False
14874,170,1,116.18,2,1,1,Lost,0.0,1,0,False
14875,76,1,1397.08,2,1,4,Lost,0.5,1,1,False
14876,156,2,256.7,2,3,2,At Risk,0.0,2,0,False
14877,53,2,425.85,3,3,2,Loyal,0.0,2,0,False
14878,11,16,2600.41,5,5,5,Champions,0.15789473684210525,16,3,True
14879,319,1,185.06,1,1,1,Lost,0.0,1,0,False
14882,25,12,2956.9500000000003,4,5,5,Champions,0.07692307692307693,12,1,True
14884,304,1,120.6,1,1,1,Lost,0.0,1,0,False
14885,62,2,832.8,3,3,3,Loyal,0.3333333333333333,2,1,False
14890,253,2,691.6,1,3,3,At Risk,0.0,2,0,False
14891,51,2,552.35,3,3,3,Loyal,0.0,2,0,False
14892,325,1,202.35000000000002,1,1,1,Lost,0.0,1,0,False
14893,252,1,571.76,1,1,3,Lost,0.75,1,3,False
14894,78,2,837.0600000000001,2,3,3,At Risk,0.5,2,2,False
14895,18,18,13980.83,4,5,5,Champions,0.25,18,6,False
14896,0,7,1614.45,5,5,4,Champions,0.2222222222222222,7,2,False
14897,44,4,1774.16,3,4,4,Loyal,0.2,4,1,False
14898,6,9,2195.14,5,5,5,Champions,0.25,9,3,False
14899,30,1,1331.38,4,1,4,Potential,0.0,1,0,False
14900,157,1,13.919999999999998,2,1,1,Lost,0.0,1,0,False
14901,1,5,860.11,5,4,3,Champions,0.16666666666666666,5,1,True
14902,30,2,702.96,4,3,3,Loyal,0.3333333333333333,2,1,False
14904,43,2,605.05,3,3,3,Loyal,0.0,2,0,False
14905,9,6,1355.24,5,5,4,Champions,0.14285714285714285,6,1,True
14907,2,10,2664.69,5,5,5,Champions,0.2857142857142857,10,4,False
14908,98,1,104.10000000000001,2,1,1,Lost,0.0,1,0,False
14909,72,3,1404.68,2,3,4,At Risk,0.4,3,2,False
14911,0,188,144115.9,5,5,5,Champions,0.21008403361344538,188,50,False
14912,36,4,1021.4,3,4,4,Loyal,0.42857142857142855,4,3,False
14913,23,4,2845.7,4,4,5,Champions,0.0,4,0,True
14915,10,9,1503.77,5,5,4,Champions,0.1,9,1,True
14916,66,4,1773.97,3,4,4,Loyal,0.3333333333333333,4,2,False
14917,231,2,1123.75,1,3,4,At Risk,0.0,2,0,False
14918,39,7,4345.66,3,5,5,Loyal,0.0,7,0,False
14919,174,1,359.35,2,1,2,Lost,0.0,1,0,False
14920,200,1,629.4,1,1,3,Lost,0.0,1,0,False
14922,28,2,843.74,4,3,3,Loyal,0.0,2,0,False
14924,245,2,620.96,1,3,3,At Risk,0.0,2,0,False
14926,16,2,359.4,4,3,2,Loyal,0.3333333333333333,2,1,False
14927,31,1,308.2,4,1,2,Potential,0.0,1,0,False
14928,262,1,223.91000000000003,1,1,1,Lost,0.5,1,1,False
14929,56,1,612.8100000000001,3,1,3,Potential,0.0,1,0,False
14930,105,3,2873.77,2,3,5,At Risk,0.5,3,3,False
14932,0,2,666.13,5,3,3,Loyal,0.0,2,0,False
14933,78,4,1770.0,2,4,4,At Risk,0.2,4,1,False
14934,13,3,1612.56,5,3,4,Loyal,0.4,3,2,False
14935,254,1,1065.12,1,1,4,Lost,0.0,1,0,False
14936,25,4,4273.79,4,4,5,Champions,0.2,4,1,False
14938,197,2,2322.43,1,3,5,At Risk,0.5,2,2,False
14940,52,2,531.49,3,3,3,Loyal,0.0,2,0,False
14941,213,1,182.1,1,1,1,Lost,0.0,1,0,False
14942,36,4,746.56,3,4,3,Loyal,0.0,4,0,False
14943,298,1,107.62,1,1,1,Lost,0.0,1,0,False
14944,24,7,3884.42,4,5,5,Champions,0.3,7,3,False
14945,48,1,179.4,3,1,1,Potential,0.0,1,0,False
14947,23,4,758.97,4,4,3,Champions,0.0,4,0,True
14949,104,4,515.0,2,4,3,At Risk,0.3333333333333333,4,2,False
14952,31,21,9529.86,4,5,5,Champions,0.27586206896551724,21,8,False
14953,53,3,683.15,3,3,3,Loyal,0.25,3,1,False
14954,338,1,167.27,1,1,1,Lost,0.0,1,0,False
14955,367,1,163.77,1,1,1,Lost,0.0,1,0,False
14956,56,1,1325.0,3,1,4,Potential,0.0,1,0,False
14957,279,1,203.2,1,1,1,Lost,0.0,1,0,False
14958,230,3,458.26,1,3,2,At Risk,0.0,3,0,False
14961,14,13,9365.47,5,5,5,Champions,0.1875,13,3,True
14962,174,3,240.21000000000004,2,3,1,At Risk,0.0,3,0,False
14963,14,7,1651.23,5,5,4,Champions,0.125,7,1,True
14966,22,5,881.24,4,4,3,Champions,0.0,5,0,True
14967,76,5,1518.81,2,4,4,At Risk,0.0,5,0,False
14968,93,1,349.9,2,1,2,Lost,0.0,1,0,False
14969,338,1,906.23,1,1,3,Lost,0.0,1,0,False
14970,44,8,3327.29,3,5,5,Loyal,0.3333333333333333,8,4,False
14972,16,1,30.300000000000004,4,1,1,Potential,0.0,1,0,False
14975,56,1,192.45,3,1,1,Potential,0.0,1,0,False
14977,360,1,31.929999999999996,1,1,1,Lost,0.0,1,0,False
14978,65,5,1190.82,3,4,4,Loyal,0.2857142857142857,5,2,False
14979,370,1,429.66,1,1,2,Lost,0.0,1,0,False
14980,372,1,150.68,1,1,1,Lost,0.0,1,0,False
14981,58,1,270.8,3,1,2,Potential,0.5,1,1,False
14982,207,1,234.88,1,1,1,Lost,0.0,1,0,False
14983,324,1,183.20000000000002,1,1,1,Lost,0.0,1,0,False
14984,23,4,1058.1399999999999,4,4,4,Champions,0.0,4,0,True
14986,11,2,563.1,5,3,3,Loyal,0.0,2,0,False
14987,0,7,1387.4499999999998,5,5,4,Champions,0.125,7,1,True
14988,15,6,1704.11,4,5,4,Champions,0.0,6,0,True
14989,296,1,342.4,1,1,2,Lost,0.0,1,0,False
14990,247,2,304.17,1,3,2,At Risk,0.0,2,0,False
14991,65,1,314.67,3,1,2,Potential,0.0,1,0,False
14992,77,1,210.5,2,1,1,Lost,0.0,1,0,False
14993,198,1,36.13,1,1,1,Lost,0.0,1,0,False
14994,17,5,942.77,4,4,3,Champions,0.375,5,3,False
14996,116,2,442.28999999999996,2,3,2,At Risk,0.0,2,0,False
14997,290,1,230.4,1,1,1,Lost,0.0,1,0,False
14998,63,2,338.31,3,3,2,Loyal,0.0,2,0,False
14999,227,1,129.48000000000002,1,1,1,Lost,0.0,1,0,False
15001,29,2,197.10999999999999,4,3,1,Loyal,0.0,2,0,False
15002,2,6,3127.9700000000003,5,5,5,Champions,0.0,6,0,True
15003,108,6,1027.03,2,5,4,At Risk,0.14285714285714285,6,1,False
15005,1,29,7681.41,5,5,5,Champions,0.30952380952380953,29,13,False
15006,88,1,277.4,2,1,2,Lost,0.0,1,0,False
15008,115,2,360.0,2,3,2,At Risk,0.0,2,0,False
15011,30,2,416.6,4,3,2,Loyal,0.0,2,0,False
15012,8,2,429.78,5,3,2,Loyal,0.0,2,0,False
15013,122,10,1610.82,2,5,4,At Risk,0.0,10,0,False
15015,136,13,2344.47,2,5,5,At Risk,0.35,13,7,False
15016,28,4,450.85,4,4,2,Champions,0.2,4,1,False
15018,2,1,111.25,5,1,1,Potential,0.0,1,0,False
15020,14,1,198.47,5,1,1,Potential,0.0,1,0,False
15021,1,4,826.91,5,4,3,Champions,0.42857142857142855,4,3,False
15022,312,1,281.05,1,1,2,Lost,0.0,1,0,False
15023,4,10,5283.39,5,5,5,Champions,0.16666666666666666,10,2,True
15024,2,8,2414.18,5,5,5,Champions,0.0,8,0,True
15025,203,1,609.88,1,1,3,Lost,0.0,1,0,False
15026,10,2,579.89,5,3,3,Loyal,0.0,2,0,False
15027,30,6,2129.45,4,5,4,Champions,0.14285714285714285,6,1,True
15028,3,3,521.78,5,3,3,Loyal,0.0,3,0,False
15029,254,1,365.1,1,1,2,Lost,0.5,1,1,False
15030,15,6,1461.63,4,5,4,Champions,0.14285714285714285,6,1,True
15031,29,10,2449.75,4,5,5,Champions,0.16666666666666666,10,2,True
15032,1,7,8821.55,5,5,5,Champions,0.0,7,0,True
15034,21,6,3957.04,4,5,5,Champions,0.0,6,0,True
15037,11,2,397.76,5,3,2,Loyal,0.0,2,0,False
15038,4,4,579.67,5,4,3,Champions,0.0,4,0,True
15039,3,47,19960.3,5,5,5,Champions,0.16071428571428573,47,9,True
15040,176,1,7.49,1,1,1,Lost,0.0,1,0,False
15041,79,1,109.05,2,1,1,Lost,0.0,1,0,False
15042,230,1,179.52,1,1,1,Lost,0.0,1,0,False
15043,98,5,2318.3199999999997,2,4,5,At Risk,0.0,5,0,False
15044,14,15,8134.280000000001,5,5,5,Champions,0.25,15,5,False
15046,60,10,2533.37,3,5,5,Loyal,0.16666666666666666,10,2,False
15048,3,1,98.7,5,1,1,Potential,0.0,1,0,False
15050,56,2,2349.5,3,3,5,Loyal,0.0,2,0,False
15051,14,6,2543.55,5,5,5,Champions,0.14285714285714285,6,1,True
15055,109,3,549.12,2,3,3,At Risk,0.0,3,0,False
15056,155,1,113.64999999999999,2,1,1,Lost,0.0,1,0,False
15057,78,3,1766.46,2,3,4,At Risk,0.25,3,1,False
15058,11,5,1285.04,5,4,4,Champions,0.16666666666666666,5,1,True
15059,11,10,2152.68,5,5,5,Champions,0.375,10,6,False
15061,2,86,83282.93,5,5,5,Champions,0.044444444444444446,86,4,True
15062,58,4,1597.76,3,4,4,Loyal,0.0,4,0,False
15064,45,4,1254.41,3,4,4,Loyal,0.0,4,0,False
15065,45,1,168.73,3,1,1,Potential,0.0,1,0,False
15067,48,2,2118.12,3,3,4,Loyal,0.3333333333333333,2,1,False
15068,53,2,621.54,3,3,3,Loyal,0.0,2,0,False
15070,7,3,737.0500000000001,5,3,3,Loyal,0.0,3,0,False
15071,21,2,473.49,4,3,2,Loyal,0.0,2,0,False
15072,114,1,187.51999999999998,2,1,1,Lost,0.0,1,0,False
15073,35,5,1744.61,4,4,4,Champions,0.0,5,0,True
15074,64,2,817.46,3,3,3,Loyal,0.0,2,0,False
15076,127,2,566.89,2,3,3,At Risk,0.5,2,2,False
15077,129,2,2428.08,2,3,5,At Risk,0.5,2,2,False
15078,3,22,8008.77,5,5,5,Champions,0.18518518518518517,22,5,True
15079,0,8,2871.74,5,5,5,Champions,0.38461538461538464,8,5,False
15080,62,2,546.25,3,3,3,Loyal,0.0,2,0,False
15081,2,8,1460.92,5,5,4,Champions,0.0,8,0,True
15082,303,1,93.35000000000001,1,1,1,Lost,0.0,1,0,False
15084,14,2,965.2,5,3,3,Loyal,0.0,2,0,False
15085,364,1,347.54,1,1,2,Lost,0.0,1,0,False
15086,199,2,218.53,1,3,1,At Risk,0.0,2,0,False
15091,309,2,565.9,1,3,3,At Risk,0.5,2,2,False
15092,97,1,318.65,2,1,2,Lost,0.5,1,1,False
15093,7,18,9729.09,5,5,5,Champions,0.3076923076923077,18,8,False
15094,98,2,83.0,2,3,1,At Risk,0.0,2,0,False
15095,55,6,1771.04,3,5,4,Loyal,0.0,6,0,False
15097,218,2,660.27,1,3,3,At Risk,0.5,2,2,False
15100,1,6,2018.6999999999998,5,5,4,Champions,0.45454545454545453,6,5,False
15101,150,4,1160.41,2,4,4,At Risk,0.5,4,4,False
15102,165,2,554.67,2,3,3,At Risk,0.0,2,0,False
15105,65,2,795.98,3,3,3,Loyal,0.0,2,0,False
15107,7,4,620.85,5,4,3,Champions,0.2,4,1,False
15109,214,2,498.15000000000003,1,3,2,At Risk,0.0,2,0,False
15110,38,2,509.75,3,3,3,Loyal,0.0,2,0,False
15111,7,3,1163.39,5,3,4,Loyal,0.0,3,0,False
15112,246,1,209.4,1,1,1,Lost,0.0,1,0,False
15114,18,2,639.56,4,3,3,Loyal,0.0,2,0,False
15115,367,1,191.74,1,1,1,Lost,0.5,1,1,False
15117,83,3,934.19,2,3,3,At Risk,0.0,3,0,False
15122,57,8,2853.4900000000002,3,5,5,Loyal,0.2,8,2,False
15123,56,3,2456.86,3,3,5,Loyal,0.0,3,0,False
15124,111,2,266.63,2,3,2,At Risk,0.0,2,0,False
15125,114,9,5496.39,2,5,5,At Risk,0.3076923076923077,9,4,False
15126,171,2,449.49,2,3,2,At Risk,0.0,2,0,False
15127,154,1,304.97,2,1,2,Lost,0.0,1,0,False
15128,65,1,312.68,3,1,2,Potential,0.0,1,0,False
15129,20,12,3412.78,4,5,5,Champions,0.0,12,0,True
15131,29,1,80.28,4,1,1,Potential,0.0,1,0,False
15133,17,2,824.48,4,3,3,Loyal,0.0,2,0,False
15134,16,2,208.3,4,3,1,Loyal,0.0,2,0,False
15135,191,1,166.63,1,1,1,Lost,0.0,1,0,False
15137,155,2,823.4,2,3,3,At Risk,0.6,2,3,False
15138,28,1,502.52,4,1,3,Potential,0.5,1,1,False
15140,77,1,889.44,2,1,3,Lost,0.0,1,0,False
15141,92,7,1388.47,2,5,4,At Risk,0.2222222222222222,7,2,False
15142,45,5,2121.18,3,4,4,Loyal,0.16666666666666666,5,1,False
15143,67,1,304.18,3,1,2,Potential,0.0,1,0,False
15144,14,12,5579.87,5,5,5,Champions,0.2,12,3,False
15149,212,3,1003.8100000000001,1,3,4,At Risk,0.0,3,0,False
15150,91,3,3686.61,2,3,5,At Risk,0.0,3,0,False
15151,58,2,2085.61,3,3,4,Loyal,0.0,2,0,False
15152,336,1,518.14,1,1,3,Lost,0.5,1,1,False
15154,113,2,1089.44,2,3,4,At Risk,0.0,2,0,False
15155,18,1,383.96999999999997,4,1,2,Potential,0.0,1,0,False
15157,204,2,718.04,1,3,3,At Risk,0.0,2,0,False
15158,36,1,204.62,3,1,1,Potential,0.5,1,1,False
15159,30,4,3475.7200000000003,4,4,5,Champions,0.0,4,0,True
15160,9,3,431.11,5,3,2,Loyal,0.0,3,0,False
15161,23,1,119.92,4,1,1,Potential,0.0,1,0,False
15162,366,1,312.9,1,1,2,Lost,0.5,1,1,False
15164,24,6,1203.53,4,5,4,Champions,0.14285714285714285,6,1,True
15165,8,1,487.75,5,1,2,Potential,0.0,1,0,False
15166,102,1,167.16,2,1,1,Lost,0.0,1,0,False
15167,42,4,1468.82,3,4,4,Loyal,0.0,4,0,False
15169,17,2,569.22,4,3,3,Loyal,0.0,2,0,False
15170,41,1,81.15,3,1,1,Potential,0.0,1,0,False
15173,15,7,1494.6,4,5,4,Champions,0.125,7,1,True
15174,45,1,345.71,3,1,2,Potential,0.0,1,0,False
15176,302,1,988.04,1,1,4,Lost,0.5,1,1,False
15177,60,1,948.93,3,1,3,Potential,0.0,1,0,False
15179,27,8,5284.97,4,5,5,Champions,0.2,8,2,False
15180,2,3,816.9300000000001,5,3,3,Loyal,0.0,3,0,False
15181,55,2,510.72,3,3,3,Loyal,0.5,2,2,False
15182,20,9,2376.1020000000003,4,5,5,Champions,0.25,9,3,False
15183,182,3,639.93,1,3,3,At Risk,0.25,3,1,False
15184,22,2,283.19,4,3,2,Loyal,0.0,2,0,False
15186,109,3,991.7900000000001,2,3,4,At Risk,0.0,3,0,False
15188,360,1,310.43,1,1,2,Lost,0.0,1,0,False
15189,16,5,1298.99,4,4,4,Champions,0.0,5,0,True
15190,69,1,834.4399999999999,3,1,3,Potential,0.0,1,0,False
15191,98,3,588.05,2,3,3,At Risk,0.0,3,0,False
15192,0,3,937.07,5,3,3,Loyal,0.0,3,0,False
15194,3,14,4811.16,5,5,5,Champions,0.2222222222222222,14,4,False
15196,67,2,313.7,3,3,2,Loyal,0.0,2,0,False
15197,29,3,797.9,4,3,3,Loyal,0.25,3,1,False
15198,43,3,377.71,3,3,2,Loyal,0.25,3,1,False
15199,9,6,1853.7,5,5,4,Champions,0.0,6,0,True
15200,129,1,549.05,2,1,3,Lost,0.0,1,0,False
15201,74,2,606.4100000000001,2,3,3,At Risk,0.3333333333333333,2,1,False
15203,25,9,2572.38,4,5,5,Champions,0.0,9,0,True
15207,51,3,683.9200000000001,3,3,3,Loyal,0.4,3,2,False
15208,58,1,100.4,3,1,1,Potential,0.0,1,0,False
15209,365,1,178.98000000000002,1,1,1,Lost,0.0,1,0,False
15210,13,2,845.01,5,3,3,Loyal,0.0,2,0,False
15211,0,1,383.07,5,1,2,Potential,0.0,1,0,False
15212,11,1,106.47999999999999,5,1,1,Potential,0.0,1,0,False
15215,28,4,1687.49,4,4,4,Champions,0.2,4,1,False
15216,253,1,389.49,1,1,2,Lost,0.0,1,0,False
15217,198,1,426.24,1,1,2,Lost,0.0,1,0,False
15218,24,11,5696.9400000000005,4,5,5,Champions,0.21428571428571427,11,3,False
15219,283,1,379.7,1,1,2,Lost,0.0,1,0,False
15221,1,4,2062.2000000000003,5,4,4,Champions,0.42857142857142855,4,3,False
15222,107,10,2965.91,2,5,5,At Risk,0.375,10,6,False
15223,244,3,662.2,1,3,3,At Risk,0.0,3,0,False
15224,147,3,549.28,2,3,3,At Risk,0.4,3,2,False
15227,31,4,1269.0900000000001,4,4,4,Champions,0.0,4,0,True
15228,63,2,2193.56,3,3,5,Loyal,0.0,2,0,False
15229,221,1,160.5,1,1,1,Lost,0.0,1,0,False
15231,256,1,250.26,1,1,2,Lost,0.5,1,1,False
15233,36,1,59.400000000000006,3,1,1,Potential,0.0,1,0,False
15235,4,6,690.3000000000001,5,5,3,Champions,0.0,6,0,True
15240,9,7,2753.41,5,5,5,Champions,0.5,7,7,False
15241,65,3,1293.72,3,3,4,Loyal,0.0,3,0,False
15242,57,1,302.04,3,1,2,Potential,0.0,1,0,False
15243,70,1,610.6,2,1,3,Lost,0.0,1,0,False
15244,301,1,280.51,1,1,2,Lost,0.5,1,1,False
15245,37,5,2095.0,3,4,4,Loyal,0.0,5,0,False
15246,190,1,266.25,1,1,2,Lost,0.0,1,0,False
15247,112,2,620.06,2,3,3,At Risk,0.3333333333333333,2,1,False
15248,46,3,1893.93,3,3,4,Loyal,0.25,3,1,False
15249,65,5,2577.54,3,4,5,Loyal,0.16666666666666666,5,1,False
15250,275,1,60.0,1,1,1,Lost,0.0,1,0,False
15251,49,10,9839.55,3,5,5,Loyal,0.3333333333333333,10,5,False
15252,56,3,1362.63,3,3,4,Loyal,0.4,3,2,False
15253,38,3,1136.89,3,3,4,Loyal,0.5,3,3,False
15254,181,2,787.99,1,3,3,At Risk,0.3333333333333333,2,1,False
15255,31,8,2815.17,4,5,5,Champions,0.2,8,2,False
15256,196,1,71.95,1,1,1,Lost,0.0,1,0,False
15257,49,1,368.75,3,1,2,Potential,0.0,1,0,False
15259,147,4,1182.3799999999999,2,4,4,At Risk,0.0,4,0,False
15260,7,20,7377.46,5,5,5,Champions,0.16666666666666666,20,4,True
15261,16,3,1253.18,4,3,4,Loyal,0.0,3,0,False
15262,15,2,239.87,4,3,1,Loyal,0.0,2,0,False
15264,165,1,454.66,2,1,2,Lost,0.5,1,1,False
15265,239,2,1839.52,1,3,4,At Risk,0.0,2,0,False
15266,14,4,732.91,5,4,3,Champions,0.2,4,1,False
15268,113,3,961.9000000000001,2,3,3,At Risk,0.25,3,1,False
15269,15,2,816.56,4,3,3,Loyal,0.0,2,0,False
15270,35,14,6145.37,4,5,5,Champions,0.36363636363636365,14,8,False
15271,0,10,2146.95,5,5,5,Champions,0.09090909090909091,10,1,True
15272,85,4,1309.01,2,4,4,At Risk,0.0,4,0,False
15273,234,1,228.96,1,1,1,Lost,0.0,1,0,False
15276,29,3,491.17,4,3,2,Loyal,0.25,3,1,False
15277,60,1,220.44,3,1,1,Potential,0.0,1,0,False
15278,196,4,496.15999999999997,1,4,2,At Risk,0.0,4,0,False
15279,15,4,1290.03,4,4,4,Champions,0.3333333333333333,4,2,False
15280,123,2,284.4,2,3,2,At Risk,0.0,2,0,False
15281,13,7,6211.42,5,5,5,Champions,0.3,7,3,False
15282,205,1,348.59,1,1,2,Lost,0.0,1,0,False
15283,25,3,148.33,4,3,1,Loyal,0.25,3,1,False
15284,135,1,24.75,2,1,1,Lost,0.0,1,0,False
15285,42,1,94.92,3,1,1,Potential,0.0,1,0,False
15287,14,3,369.34000000000003,5,3,2,Loyal,0.0,3,0,False
15288,0,6,1565.66,5,5,4,Champions,0.0,6,0,True
15289,93,2,653.3100000000001,2,3,3,At Risk,0.3333333333333333,2,1,False
15290,28,8,2553.06,4,5,5,Champions,0.1111111111111111,8,1,True
15291,8,26,9178.26,5,5,5,Champions,0.23529411764705882,26,8,False
15293,300,1,247.5,1,1,1,Lost,0.0,1,0,False
15294,45,1,233.35,3,1,1,Potential,0.5,1,1,False
15295,289,1,207.04,1,1,1,Lost,0.0,1,0,False
15296,55,6,6650.17,3,5,5,Loyal,0.4,6,4,False
15298,1,12,4659.47,5,5,5,Champions,0.25,12,4,False
15299,7,6,3484.5299999999997,5,5,5,Champions,0.14285714285714285,6,1,True
15301,3,6,2533.09,5,5,5,Champions,0.0,6,0,True
15302,365,1,308.0,1,1,2,Lost,0.5,1,1,False
15303,200,2,650.16,1,3,3,At Risk,0.3333333333333333,2,1,False
15304,3,2,225.15,5,3,1,Loyal,0.0,2,0,False
15305,190,1,93.6,1,1,1,Lost,0.0,1,0,False
15306,135,6,2310.38,2,5,5,At Risk,0.14285714285714285,6,1,False
15309,245,4,797.96,1,4,3,At Risk,0.6,4,6,False
15310,113,1,1634.64,2,1,4,Lost,0.0,1,0,False
15311,0,120,55647.74,5,5,5,Champions,0.2356687898089172,120,37,False
15312,18,8,2005.3400000000001,4,5,4,Champions,0.1111111111111111,8,1,True
15314,48,2,492.47999999999996,3,3,2,Loyal,0.3333333333333333,2,1,False
15317,312,1,129.75,1,1,1,Lost,0.5,1,1,False
15321,72,9,3961.42,2,5,5,At Risk,0.35714285714285715,9,5,False
15322,111,1,711.18,2,1,3,Lost,0.0,1,0,False
15323,197,3,434.6,1,3,2,At Risk,0.25,3,1,False
15324,336,1,140.22000000000003,1,1,1,Lost,0.0,1,0,False
15325,30,7,1439.72,4,5,4,Champions,0.125,7,1,True
15326,244,4,1388.81,1,4,4,At Risk,0.5555555555555556,4,5,False
15328,42,1,107.24,3,1,1,Potential,0.0,1,0,False
15329,9,8,1909.13,5,5,4,Champions,0.5,8,8,False
15331,134,3,767.91,2,3,3,At Risk,0.25,3,1,False
15332,1,6,4892.68,5,5,5,Champions,0.0,6,0,True
15336,36,1,240.5,3,1,1,Potential,0.0,1,0,False
15337,46,1,373.02,3,1,2,Potential,0.5,1,1,False
15338,312,1,277.93,1,1,2,Lost,0.0,1,0,False
15339,56,5,1246.95,3,4,4,Loyal,0.375,5,3,False
15340,196,1,105.5,1,1,1,Lost,0.0,1,0,False
15341,84,1,382.2,2,1,2,Lost,0.5,1,1,False
15346,60,2,343.7,3,3,2,Loyal,0.3333333333333333,2,1,False
15347,1,4,1162.0,5,4,4,Champions,0.3333333333333333,4,2,False
15350,8,2,547.6,5,3,3,Loyal,0.0,2,0,False
15351,4,4,1770.23,5,4,4,Champions,0.42857142857142855,4,3,False
15352,183,1,111.15,1,1,1,Lost,0.0,1,0,False
15353,2,6,2336.0,5,5,5,Champions,0.14285714285714285,6,1,True
15356,3,4,664.66,5,4,3,Champions,0.0,4,0,True
15358,0,22,8703.210000000001,5,5,5,Champions,0.21428571428571427,22,6,False
15359,297,8,181.35,1,5,1,At Risk,0.1111111111111111,8,1,False
15361,161,3,270.15000000000003,2,3,2,At Risk,0.0,3,0,False
15362,83,2,613.08,2,3,3,At Risk,0.0,2,0,False
15363,7,2,678.11,5,3,3,Loyal,0.0,2,0,False
15365,38,6,2242.81,3,5,5,Loyal,0.0,6,0,False
15366,44,5,1786.57,3,4,4,Loyal,0.0,5,0,False
15367,53,7,3203.74,3,5,5,Loyal,0.125,7,1,False
15368,29,1,275.8,4,1,2,Potential,0.0,1,0,False
15369,127,11,6251.26,2,5,5,At Risk,0.08333333333333333,11,1,False
15370,45,1,1352.96,3,1,4,Potential,0.0,1,0,False
15371,297,1,59.400000000000006,1,1,1,Lost,0.0,1,0,False
15372,85,7,4009.66,2,5,5,At Risk,0.2222222222222222,7,2,False
15373,6,6,1002.9300000000001,5,5,4,Champions,0.0,6,0,True
15374,259,1,139.32,1,1,1,Lost,0.0,1,0,False
15375,325,1,60.959999999999994,1,1,1,Lost,0.0,1,0,False
15377,17,4,1211.75,4,4,4,Champions,0.2,4,1,False
15378,97,2,246.5,2,3,1,At Risk,0.0,2,0,False
15379,35,1,1174.55,4,1,4,Potential,0.0,1,0,False
15380,0,7,1788.8,5,5,4,Champions,0.125,7,1,True
15381,58,3,1293.72,3,3,4,Loyal,0.25,3,1,False
15382,9,6,7777.84,5,5,5,Champions,0.5,6,6,False
15384,16,2,1385.38,4,3,4,Loyal,0.3333333333333333,2,1,False
15385,27,2,625.2,4,3,3,Loyal,0.0,2,0,False
15387,127,1,468.65,2,1,2,Lost,0.0,1,0,False
15389,35,4,2233.8,4,4,5,Champions,0.0,4,0,True
15390,31,2,1216.66,4,3,4,Loyal,0.0,2,0,False
15391,219,1,289.87,1,1,2,Lost,0.5,1,1,False
15392,9,3,1376.0900000000001,5,3,4,Loyal,0.0,3,0,False
15393,202,3,659.48,1,3,3,At Risk,0.0,3,0,False
15394,30,7,3103.26,4,5,5,Champions,0.2222222222222222,7,2,False
15396,218,1,508.20000000000005,1,1,3,Lost,0.0,1,0,False
15400,55,3,586.1,3,3,3,Loyal,0.0,3,0,False
15401,87,2,216.95000000000002,2,3,1,At Risk,0.0,2,0,False
15402,22,4,1203.77,4,4,4,Champions,0.2,4,1,False
15403,126,2,170.88,2,3,1,At Risk,0.0,2,0,False
15404,10,1,257.06,5,1,2,Potential,0.0,1,0,False
15405,211,1,310.74,1,1,2,Lost,0.0,1,0,False
15406,88,2,465.15999999999997,2,3,2,At Risk,0.0,2,0,False
15409,356,1,131.25,1,1,1,Lost,0.5,1,1,False
15410,203,2,1234.88,1,3,4,At Risk,0.0,2,0,False
15413,326,5,6798.72,1,4,5,At Risk,0.0,5,0,False
15416,113,3,588.5,2,3,3,At Risk,0.25,3,1,False
15418,60,2,449.42,3,3,2,Loyal,0.0,2,0,False
15420,69,6,743.0,3,5,3,Loyal,0.0,6,0,False
15421,20,6,2854.98,4,5,5,Champions,0.0,6,0,True
15422,14,5,1522.27,5,4,4,Champions,0.16666666666666666,5,1,True
15423,216,2,223.39,1,3,1,At Risk,0.3333333333333333,2,1,False
15424,98,1,214.44,2,1,1,Lost,0.0,1,0,False
15425,35,4,1941.1200000000001,4,4,4,Champions,0.0,4,0,True
15426,4,5,1134.85,5,4,4,Champions,0.16666666666666666,5,1,True
15428,22,3,668.97,4,3,3,Loyal,0.0,3,0,False
15430,102,2,954.75,2,3,3,At Risk,0.3333333333333333,2,1,False
15431,137,1,153.24,2,1,1,Lost,0.0,1,0,False
15432,176,1,149.57,1,1,1,Lost,0.6666666666666666,1,2,False
15434,9,6,1525.5800000000002,5,5,4,Champions,0.14285714285714285,6,1,True
15437,275,1,193.29000000000002,1,1,1,Lost,0.0,1,0,False
15439,39,4,1269.05,3,4,4,Loyal,0.0,4,0,False
15441,31,3,1254.21,4,3,4,Loyal,0.0,3,0,False
15443,109,7,1900.64,2,5,4,At Risk,0.125,7,1,False
15445,225,1,171.0,1,1,1,Lost,0.0,1,0,False
15446,11,3,396.75,5,3,2,Loyal,0.25,3,1,False
15447,162,4,337.71000000000004,2,4,2,At Risk,0.2,4,1,False
15448,309,1,294.17,1,1,2,Lost,0.0,1,0,False
15451,69,2,226.86,3,3,1,Loyal,0.0,2,0,False
15452,25,3,1256.63,4,3,4,Loyal,0.0,3,0,False
15454,253,1,124.79,1,1,1,Lost,0.0,1,0,False
15455,232,1,38.25,1,1,1,Lost,0.0,1,0,False
15456,38,7,1656.93,3,5,4,Loyal,0.0,7,0,False
15458,37,1,208.79999999999998,3,1,1,Potential,0.0,1,0,False
15459,52,2,202.82999999999998,3,3,1,Loyal,0.0,2,0,False
15461,95,2,429.7,2,3,2,At Risk,0.3333333333333333,2,1,False
15462,80,1,502.45,2,1,3,Lost,0.0,1,0,False
15465,4,15,5281.53,5,5,5,Champions,0.0625,15,1,True
15466,24,3,1225.93,4,3,4,Loyal,0.0,3,0,False
15468,27,1,962.97,4,1,3,Potential,0.5,1,1,False
15469,73,1,335.7,2,1,2,Lost,0.5,1,1,False
15470,210,1,63.419999999999995,1,1,1,Lost,0.0,1,0,False
15471,15,2,837.53,4,3,3,Loyal,0.0,2,0,False
15473,79,1,274.8,2,1,2,Lost,0.0,1,0,False
15474,230,1,150.35,1,1,1,Lost,0.0,1,0,False
15476,15,4,2209.98,4,4,5,Champions,0.2,4,1,False
15477,284,1,368.4,1,1,2,Lost,0.0,1,0,False
15478,210,1,541.06,1,1,3,Lost,0.0,1,0,False
15479,368,1,147.4,1,1,1,Lost,0.0,1,0,False
15480,104,2,2686.75,2,3,5,At Risk,0.0,2,0,False
15481,36,1,1993.34,3,1,4,Potential,0.0,1,0,False
15482,21,7,3537.6,4,5,5,Champions,0.0,7,0,True
15483,20,6,585.42,4,5,3,Champions,0.0,6,0,True
15484,175,2,1061.69,2,3,4,At Risk,0.0,2,0,False
15485,8,5,3186.01,5,4,5,Champions,0.16666666666666666,5,1,True
15486,162,1,102.0,2,1,1,Lost,0.0,1,0,False
15487,314,1,231.32,1,1,1,Lost,0.0,1,0,False
15488,91,4,340.6,2,4,2,At Risk,0.0,4,0,False
15489,35,5,1285.3300000000002,4,4,4,Champions,0.375,5,3,False
15490,65,1,210.85,3,1,1,Potential,0.5,1,1,False
15493,24,4,2159.78,4,4,5,Champions,0.0,4,0,True
15494,113,3,2422.02,2,3,5,At Risk,0.25,3,1,False
15495,14,1,246.5,5,1,1,Potential,0.0,1,0,False
15496,266,1,146.14000000000001,1,1,1,Lost,0.0,1,0,False
15497,17,7,7395.19,4,5,5,Champions,0.125,7,1,True
15498,1,19,12633.18,5,5,5,Champions,0.17391304347826086,19,4,True
15499,358,1,158.65,1,1,1,Lost,0.0,1,0,False
15501,39,2,399.95,3,3,2,Loyal,0.0,2,0,False
15502,3,5,3548.34,5,4,5,Champions,0.5,5,5,False
15503,361,1,116.26,1,1,1,Lost,0.0,1,0,False
15504,155,3,338.62,2,3,2,At Risk,0.25,3,1,False
15506,16,3,1058.25,4,3,4,Loyal,0.0,3,0,False
15509,15,1,152.41,4,1,1,Potential,0.0,1,0,False
15512,25,2,210.58,4,3,1,Loyal,0.0,2,0,False
15513,0,18,12992.33,5,5,5,Champions,0.14285714285714285,18,3,True
15514,14,7,2364.56,5,5,5,Champions,0.0,7,0,True
15515,22,1,171.81,4,1,1,Potential,0.0,1,0,False
15518,14,7,2268.44,5,5,5,Champions,0.3,7,3,False
15519,18,2,344.61,4,3,2,Loyal,0.0,2,0,False
15521,35,8,4087.44,4,5,5,Champions,0.2727272727272727,8,3,False
15523,23,15,16847.18,4,5,5,Champions,0.11764705882352941,15,2,True
15524,241,1,151.4,1,1,1,Lost,0.0,1,0,False
15525,8,2,430.78,5,3,2,Loyal,0.0,2,0,False
15527,29,15,3125.51,4,5,5,Champions,0.2857142857142857,15,6,False
15529,1,2,1116.72,5,3,4,Loyal,0.0,2,0,False
15530,147,1,311.37,2,1,2,Lost,0.0,1,0,False
15532,11,6,2162.37,5,5,5,Champions,0.0,6,0,True
15534,360,1,162.25,1,1,1,Lost,0.0,1,0,False
15535,39,2,541.47,3,3,3,Loyal,0.5,2,2,False
15536,44,1,259.09,3,1,2,Potential,0.0,1,0,False
15538,172,6,3358.3999999999996,2,5,5,At Risk,0.45454545454545453,6,5,False
15540,10,1,247.38,5,1,1,Potential,0.0,1,0,False
15542,147,3,855.71,2,3,3,At Risk,0.25,3,1,False
15543,94,1,114.4,2,1,1,Lost,0.0,1,0,False
15544,7,12,4615.72,5,5,5,Champions,0.25,12,4,False
15545,6,1,135.32999999999998,5,1,1,Potential,0.0,1,0,False
15546,241,2,1079.1000000000001,1,3,4,At Risk,0.3333333333333333,2,1,False
15547,11,12,5092.05,5,5,5,Champions,0.14285714285714285,12,2,True
15548,230,1,158.09,1,1,1,Lost,0.0,1,0,False
15549,56,5,652.7,3,4,3,Loyal,0.0,5,0,False
15550,13,8,1635.42,5,5,4,Champions,0.2,8,2,False
15551,29,6,1243.75,4,5,4,Champions,0.25,6,2,False
15552,258,1,162.4,1,1,1,Lost,0.0,1,0,False
15555,0,22,7260.69,5,5,5,Champions,0.21428571428571427,22,6,False
15558,274,1,202.68,1,1,1,Lost,0.5,1,1,False
15559,203,1,1109.4,1,1,4,Lost,0.0,1,0,False
15560,32,2,153.52,4,3,1,Loyal,0.0,2,0,False
15561,18,4,1133.8,4,4,4,Champions,0.0,4,0,True
15562,59,2,536.88,3,3,3,Loyal,0.0,2,0,False
15563,149,3,1459.02,2,3,4,At Risk,0.25,3,1,False
15564,98,2,70.74000000000001,2,3,1,At Risk,0.0,2,0,False
15566,27,2,227.87,4,3,1,Loyal,0.0,2,0,False
15569,25,5,2207.74,4,4,5,Champions,0.0,5,0,True
15570,4,14,5105.32,5,5,5,Champions,0.06666666666666667,14,1,True
15571,21,10,3241.92,4,5,5,Champions,0.0,10,0,True
15572,15,3,1431.78,4,3,4,Loyal,0.0,3,0,False
15573,253,3,597.23,1,3,3,At Risk,0.0,3,0,False
15574,7,3,774.84,5,3,3,Loyal,0.25,3,1,False
15575,254,1,30.1,1,1,1,Lost,0.0,1,0,False
15577,358,2,137.15,1,3,1,At Risk,0.0,2,0,False
15579,18,3,923.03,4,3,3,Loyal,0.4,3,2,False
15580,11,8,1375.39,5,5,4,Champions,0.42857142857142855,8,6,False
15581,1,25,4060.07,5,5,5,Champions,0.10714285714285714,25,3,True
15583,11,1,95.96,5,1,1,Potential,0.0,1,0,False
15584,34,2,547.34,4,3,3,Loyal,0.0,2,0,False
15586,227,3,1139.1,1,3,4,At Risk,0.25,3,1,False
15587,27,3,608.4000000000001,4,3,3,Loyal,0.0,3,0,False
15588,312,1,579.6,1,1,3,Lost,0.0,1,0,False
15590,17,5,1496.6,4,4,4,Champions,0.0,5,0,True
15591,217,3,217.9,1,3,1,At Risk,0.0,3,0,False
15595,122,1,357.6,2,1,2,Lost,0.0,1,0,False
15596,0,5,1723.45,5,4,4,Champions,0.375,5,3,False
15597,210,1,238.8,1,1,1,Lost,0.0,1,0,False
15598,62,1,307.34,3,1,2,Potential,0.0,1,0,False
15599,80,1,488.32,2,1,2,Lost,0.0,1,0,False
15600,63,4,1199.31,3,4,4,Loyal,0.2,4,1,False
15601,7,17,8183.56,5,5,5,Champions,0.10526315789473684,17,2,True
15602,3,8,1932.64,5,5,4,Champions,0.2727272727272727,8,3,False
15603,283,1,40.0,1,1,1,Lost,0.5,1,1,False
15605,8,5,738.57,5,4,3,Champions,0.16666666666666666,5,1,True
15606,25,8,2310.83,4,5,5,Champions,0.0,8,0,True
15607,178,8,1604.21,1,5,4,At Risk,0.3333333333333333,8,4,False
15608,50,1,692.3,3,1,3,Potential,0.0,1,0,False
15611,18,13,1405.83,4,5,4,Champions,0.23529411764705882,13,4,False
15613,245,1,433.71999999999997,1,1,2,Lost,0.0,1,0,False
15614,72,4,3147.36,2,4,5,At Risk,0.42857142857142855,4,3,False
15615,25,24,10974.23,4,5,5,Champions,0.1111111111111111,24,3,True
15616,73,1,317.11,2,1,2,Lost,0.0,1,0,False
15617,31,3,828.5500000000001,4,3,3,Loyal,0.0,3,0,False
15620,44,1,389.18,3,1,2,Potential,0.5,1,1,False
15622,62,8,4143.05,3,5,5,Loyal,0.42857142857142855,8,6,False
15623,28,7,2136.02,4,5,4,Champions,0.0,7,0,True
15625,11,5,1702.1399999999999,5,4,4,Champions,0.16666666666666666,5,1,True
15626,56,1,391.72,3,1,2,Potential,0.5,1,1,False
15627,92,2,566.9,2,3,3,At Risk,0.0,2,0,False
15628,1,9,2782.02,5,5,5,Champions,0.25,9,3,False
15629,85,4,2240.9,2,4,5,At Risk,0.0,4,0,False
15630,279,1,295.05,1,1,2,Lost,0.0,1,0,False
15631,277,1,596.67,1,1,3,Lost,0.0,1,0,False
15633,144,13,4335.96,2,5,5,At Risk,0.2777777777777778,13,5,False
15634,18,1,311.1,4,1,2,Potential,0.0,1,0,False
15635,30,1,100.35,4,1,1,Potential,0.0,1,0,False
15636,72,2,719.82,2,3,3,At Risk,0.0,2,0,False
15637,48,4,574.23,3,4,3,Loyal,0.0,4,0,False
15638,13,6,2265.2,5,5,5,Champions,0.25,6,2,False
15639,86,2,639.76,2,3,3,At Risk,0.5,2,2,False
15640,7,15,11377.12,5,5,5,Champions,0.16666666666666666,15,3,True
15641,31,8,3458.35,4,5,5,Champions,0.0,8,0,True
15642,364,1,105.78000000000002,1,1,1,Lost,0.0,1,0,False
15645,49,2,443.16,3,3,2,Loyal,0.3333333333333333,2,1,False
15646,7,3,526.97,5,3,3,Loyal,0.0,3,0,False
15647,50,1,169.0,3,1,1,Potential,0.0,1,0,False
15649,2,3,1354.35,5,3,4,Loyal,0.0,3,0,False
15650,156,2,553.88,2,3,3,At Risk,0.3333333333333333,2,1,False
15651,55,2,612.76,3,3,3,Loyal,0.0,2,0,False
15652,22,4,1068.2,4,4,4,Champions,0.2,4,1,False
15658,7,4,1399.3700000000001,5,4,4,Champions,0.3333333333333333,4,2,False
15659,21,2,226.04,4,3,1,Loyal,0.0,2,0,False
15660,0,7,1212.13,5,5,4,Champions,0.0,7,0,True
15661,14,6,906.15,5,5,3,Champions,0.0,6,0,True
15662,296,2,283.73,1,3,2,At Risk,0.0,2,0,False
15664,84,3,845.1,2,3,3,At Risk,0.4,3,2,False
15665,46,3,1764.86,3,3,4,Loyal,0.0,3,0,False
15666,107,2,632.9399999999999,2,3,3,At Risk,0.0,2,0,False
15670,191,1,152.15,1,1,1,Lost,0.5,1,1,False
15672,360,1,45.300000000000004,1,1,1,Lost,0.0,1,0,False
15673,86,5,3478.09,2,4,5,At Risk,0.16666666666666666,5,1,False
15674,52,8,4501.63,3,5,5,Loyal,0.2,8,2,False
15675,39,1,218.35,3,1,1,Potential,0.0,1,0,False
15677,56,2,648.4,3,3,3,Loyal,0.0,2,0,False
15678,30,2,1473.24,4,3,4,Loyal,0.0,2,0,False
15680,1,8,3173.9,5,5,5,Champions,0.2,8,2,False
15681,14,9,1563.54,5,5,4,Champions,0.1,9,1,True
15682,234,2,318.24,1,3,2,At Risk,0.3333333333333333,2,1,False
15683,108,1,330.79,2,1,2,Lost,0.0,1,0,False
15684,182,3,173.95,1,3,1,At Risk,0.5,3,3,False
15685,85,1,55.980000000000004,2,1,1,Lost,0.0,1,0,False
15686,55,1,90.0,3,1,1,Potential,0.0,1,0,False
15688,53,1,190.57,3,1,1,Potential,0.0,1,0,False
15689,252,1,266.93,1,1,2,Lost,0.0,1,0,False
15691,29,3,434.5,4,3,2,Loyal,0.25,3,1,False
15693,294,1,37.5,1,1,1,Lost,0.0,1,0,False
15694,0,12,4331.41,5,5,5,Champions,0.25,12,4,False
15695,232,2,721.06,1,3,3,At Risk,0.0,2,0,False
15696,58,5,1170.1100000000001,3,4,4,Loyal,0.4444444444444444,5,4,False
15697,324,1,246.75,1,1,1,Lost,0.0,1,0,False
15698,259,1,46.2,1,1,1,Lost,0.0,1,0,False
15702,111,2,140.39000000000001,2,3,1,At Risk,0.0,2,0,False
15704,137,2,1441.04,2,3,4,At Risk,0.5,2,2,False
15708,4,3,969.19,5,3,3,Loyal,0.4,3,2,False
15709,224,1,194.6,1,1,1,Lost,0.0,1,0,False
15710,52,1,898.87,3,1,3,Potential,0.0,1,0,False
15711,191,2,420.25,1,3,2,At Risk,0.0,2,0,False
15712,14,7,2400.05,5,5,5,Champions,0.125,7,1,True
15713,1,3,654.09,5,3,3,Loyal,0.25,3,1,False
15714,88,3,453.93,2,3,2,At Risk,0.0,3,0,False
15715,190,5,658.02,1,4,3,At Risk,0.0,5,0,False
15716,4,8,1911.03,5,5,4,Champions,0.0,8,0,True
15717,56,4,456.70000000000005,3,4,2,Loyal,0.0,4,0,False
15718,175,1,293.79,2,1,2,Lost,0.0,1,0,False
15719,16,18,5165.9,4,5,5,Champions,0.28,18,7,False
15720,185,1,140.49,1,1,1,Lost,0.0,1,0,False
15722,80,6,3022.79,2,5,5,At Risk,0.3333333333333333,6,3,False
15723,46,3,740.0,3,3,3,Loyal,0.0,3,0,False
15724,35,1,92.6,4,1,1,Potential,0.5,1,1,False
15726,25,1,321.91,4,1,2,Potential,0.0,1,0,False
15727,22,8,4212.65,4,5,5,Champions,0.0,8,0,True
15728,14,2,544.6,5,3,3,Loyal,0.0,2,0,False
15729,35,2,107.55000000000001,4,3,1,Loyal,0.3333333333333333,2,1,False
15730,16,2,605.7,4,3,3,Loyal,0.3333333333333333,2,1,False
15731,188,1,125.3,1,1,1,Lost,0.0,1,0,False
15732,7,9,1387.95,5,5,4,Champions,0.18181818181818182,9,2,True
15734,71,2,923.85,2,3,3,At Risk,0.0,2,0,False
15735,56,1,327.68,3,1,2,Potential,0.0,1,0,False
15736,70,2,1767.12,2,3,4,At Risk,0.3333333333333333,2,1,False
15738,7,26,8560.550000000001,5,5,5,Champions,0.07142857142857142,26,2,True
15741,93,2,208.62,2,3,1,At Risk,0.0,2,0,False
15742,254,1,156.87,1,1,1,Lost,0.0,1,0,False
15747,10,6,1553.17,5,5,4,Champions,0.14285714285714285,6,1,True
15748,84,2,465.45000000000005,2,3,2,At Risk,0.0,2,0,False
15750,1,12,4330.461,5,5,5,Champions,0.3333333333333333,12,6,False
15751,95,11,1380.44,2,5,4,At Risk,0.21428571428571427,11,3,False
15752,7,3,1557.96,5,3,4,Loyal,0.0,3,0,False
15754,128,6,2579.04,2,5,5,At Risk,0.25,6,2,False
15755,14,11,3628.87,5,5,5,Champions,0.08333333333333333,11,1,True
15757,21,4,2225.94,4,4,5,Champions,0.0,4,0,True
15759,146,4,577.8900000000001,2,4,3,At Risk,0.42857142857142855,4,3,False
15761,77,1,143.05,2,1,1,Lost,0.0,1,0,False
15764,69,2,1223.1100000000001,3,3,4,Loyal,0.5,2,2,False
15765,301,1,370.63,1,1,2,Lost,0.0,1,0,False
15766,91,2,516.0,2,3,3,At Risk,0.3333333333333333,2,1,False
15768,111,31,14687.06,2,5,5,At Risk,0.03125,31,1,False
15769,6,21,32451.6,5,5,5,Champions,0.0,21,0,True
15770,247,1,321.45,1,1,2,Lost,0.0,1,0,False
15771,239,3,1006.54,1,3,4,At Risk,0.0,3,0,False
15772,53,1,280.88,3,1,2,Potential,0.0,1,0,False
15773,44,1,138.84,3,1,1,Potential,0.0,1,0,False
15774,53,5,1016.29,3,4,4,Loyal,0.16666666666666666,5,1,False
15775,266,1,45.6,1,1,1,Lost,0.0,1,0,False
15777,31,3,715.5,4,3,3,Loyal,0.25,3,1,False
15778,66,1,307.95,3,1,2,Potential,0.0,1,0,False
15779,98,2,124.08000000000001,2,3,1,At Risk,0.0,2,0,False
15782,65,1,1399.36,3,1,4,Potential,0.5,1,1,False
15784,102,2,848.3299999999999,2,3,3,At Risk,0.0,2,0,False
15785,14,11,3640.96,5,5,5,Champions,0.3888888888888889,11,7,False
15786,52,2,3582.62,3,3,5,Loyal,0.5,2,2,False
15788,143,1,221.82999999999998,2,1,1,Lost,0.5,1,1,False
15789,66,5,1610.71,3,4,4,Loyal,0.16666666666666666,5,1,False
15791,164,3,1995.65,2,3,4,At Risk,0.5,3,3,False
15792,34,2,933.84,4,3,3,Loyal,0.0,2,0,False
15793,13,5,1433.96,5,4,4,Champions,0.0,5,0,True
15794,371,2,777.0,1,3,3,At Risk,0.0,2,0,False
15795,65,7,1369.8600000000001,3,5,4,Loyal,0.0,7,0,False
15796,9,9,2463.02,5,5,5,Champions,0.25,9,3,False
15797,216,2,613.6800000000001,1,3,3,At Risk,0.0,2,0,False
15798,127,3,1535.37,2,3,4,At Risk,0.0,3,0,False
15799,53,1,537.1999999999999,3,1,3,Potential,0.0,1,0,False
15800,88,5,530.18,2,4,3,At Risk,0.0,5,0,False
15803,80,3,1513.84,2,3,4,At Risk,0.0,3,0,False
15805,20,13,4660.75,4,5,5,Champions,0.35,13,7,False
15807,43,2,913.62,3,3,3,Loyal,0.3333333333333333,2,1,False
15808,4,18,14482.03,5,5,5,Champions,0.1,18,2,True
15809,94,2,758.67,2,3,3,At Risk,0.3333333333333333,2,1,False
15810,21,4,1607.06,4,4,4,Champions,0.3333333333333333,4,2,False
15811,0,2,1463.78,5,3,4,Loyal,0.0,2,0,False
15812,70,7,3400.33,2,5,5,At Risk,0.125,7,1,False
15814,28,2,689.11,4,3,3,Loyal,0.0,2,0,False
15816,177,2,144.14999999999998,1,3,1,At Risk,0.3333333333333333,2,1,False
15817,55,3,2766.4,3,3,5,Loyal,0.0,3,0,False
15818,223,1,340.5,1,1,2,Lost,0.0,1,0,False
15819,66,6,2029.34,3,5,4,Loyal,0.14285714285714285,6,1,False
15822,128,4,954.59,2,4,3,At Risk,0.3333333333333333,4,2,False
15823,7,3,3882.17,5,3,5,Loyal,0.4,3,2,False
15824,88,2,890.94,2,3,3,At Risk,0.0,2,0,False
15826,203,1,943.97,1,1,3,Lost,0.5,1,1,False
15827,7,16,1957.98,5,5,4,Champions,0.3333333333333333,16,8,False
15828,10,1,1108.82,5,1,4,Potential,0.0,1,0,False
15833,372,1,80.4,1,1,1,Lost,0.0,1,0,False
15834,11,3,1539.24,5,3,4,Loyal,0.25,3,1,False
15837,120,1,385.03000000000003,2,1,2,Lost,0.0,1,0,False
15838,2,16,40519.92,5,5,5,Champions,0.15789473684210525,16,3,True
15841,21,5,1518.35,4,4,4,Champions,0.16666666666666666,5,1,True
15842,28,2,548.8,4,3,3,Loyal,0.3333333333333333,2,1,False
15845,171,3,714.51,2,3,3,At Risk,0.25,3,1,False
15846,20,1,107.01,4,1,1,Potential,0.0,1,0,False
15847,63,3,433.3,3,3,2,Loyal,0.0,3,0,False
15848,256,1,137.99,1,1,1,Lost,0.0,1,0,False
15850,11,4,771.87,5,4,3,Champions,0.0,4,0,True
15851,161,1,109.73,2,1,1,Lost,0.0,1,0,False
15852,161,1,96.55,2,1,1,Lost,0.0,1,0,False
15854,11,9,2609.16,5,5,5,Champions,0.0,9,0,True
15855,111,1,340.48,2,1,2,Lost,0.0,1,0,False
15856,0,26,17703.63,5,5,5,Champions,0.07142857142857142,26,2,True
15857,65,1,273.48,3,1,2,Potential,0.0,1,0,False
15858,2,9,2508.77,5,5,5,Champions,0.18181818181818182,9,2,True
15859,67,1,438.46,3,1,2,Potential,0.0,1,0,False
15860,3,10,1496.3,5,5,4,Champions,0.0,10,0,True
15861,91,4,1213.98,2,4,4,At Risk,0.3333333333333333,4,2,False
15862,8,10,2028.49,5,5,4,Champions,0.0,10,0,True
15863,252,3,286.26,1,3,2,At Risk,0.0,3,0,False
15864,16,1,244.44000000000003,4,1,1,Potential,0.0,1,0,False
15865,48,2,1346.29,3,3,4,Loyal,0.0,2,0,False
15867,4,17,5177.92,5,5,5,Champions,0.15,17,3,True
15868,218,1,94.53,1,1,1,Lost,0.0,1,0,False
15869,261,1,171.47,1,1,1,Lost,0.0,1,0,False
15870,31,3,506.02,4,3,3,Loyal,0.0,3,0,False
15871,72,1,33.099999999999994,2,1,1,Lost,0.0,1,0,False
15872,13,2,413.0,5,3,2,Loyal,0.0,2,0,False
15873,134,4,313.91999999999996,2,4,2,At Risk,0.2,4,1,False
15874,22,14,6878.88,4,5,5,Champions,0.125,14,2,True
15875,281,1,108.52,1,1,1,Lost,0.0,1,0,False
15876,44,2,1449.1399999999999,3,3,4,Loyal,0.0,2,0,False
15878,196,2,330.77,1,3,2,At Risk,0.0,2,0,False
15879,39,4,1137.8,3,4,4,Loyal,0.0,4,0,False
15880,4,1,329.03000000000003,5,1,2,Potential,0.5,1,1,False
15882,3,6,977.34,5,5,3,Champions,0.25,6,2,False
15884,67,2,244.60000000000002,3,3,1,Loyal,0.0,2,0,False
15885,18,12,1572.47,4,5,4,Champions,0.29411764705882354,12,5,False
15886,51,3,871.78,3,3,3,Loyal,0.0,3,0,False
15887,41,3,1027.15,3,3,4,Loyal,0.0,3,0,False
15888,35,2,260.85,4,3,2,Loyal,0.0,2,0,False
15889,4,7,1274.95,5,5,4,Champions,0.125,7,1,True
15890,29,5,535.65,4,4,3,Champions,0.0,5,0,True
15892,304,1,128.2,1,1,1,Lost,0.0,1,0,False
15893,116,1,305.28000000000003,2,1,2,Lost,0.0,1,0,False
15894,4,1,150.79000000000002,5,1,1,Potential,0.0,1,0,False
15898,2,22,4125.51,5,5,5,Champions,0.12,22,3,True
15899,3,1,56.25,5,1,1,Potential,0.0,1,0,False
15900,48,3,549.29,3,3,3,Loyal,0.25,3,1,False
15901,86,3,318.14,2,3,2,At Risk,0.4,3,2,False
15902,15,1,145.01,4,1,1,Potential,0.0,1,0,False
15903,13,5,3813.0800000000004,5,4,5,Champions,0.2857142857142857,5,2,False
15905,178,1,114.69,1,1,1,Lost,0.0,1,0,False
15906,9,3,962.5,5,3,3,Loyal,0.25,3,1,False
15908,125,2,758.62,2,3,3,At Risk,0.0,2,0,False
15910,35,7,1432.29,4,5,4,Champions,0.0,7,0,True
15911,258,8,1683.79,1,5,4,At Risk,0.1111111111111111,8,1,False
15912,71,7,810.08,2,5,3,At Risk,0.0,7,0,False
15913,169,1,6.300000000000001,2,1,1,Lost,0.0,1,0,False
15914,13,2,205.99,5,3,1,Loyal,0.0,2,0,False
15915,36,1,364.24,3,1,2,Potential,0.0,1,0,False
15916,1,7,1874.83,5,5,4,Champions,0.3,7,3,False
15917,241,4,407.07,1,4,2,At Risk,0.0,4,0,False
15918,266,1,248.65,1,1,1,Lost,0.0,1,0,False
15919,3,1,214.07999999999998,5,1,1,Potential,0.0,1,0,False
15920,59,5,401.64,3,4,2,Loyal,0.0,5,0,False
15921,31,3,442.58,4,3,2,Loyal,0.0,3,0,False
15922,8,1,369.5,5,1,2,Potential,0.5,1,1,False
15923,7,1,127.08,5,1,1,Potential,0.0,1,0,False
15924,366,1,102.82,1,1,1,Lost,0.0,1,0,False
15926,177,1,134.44,1,1,1,Lost,0.0,1,0,False
15927,282,1,106.54,1,1,1,Lost,0.0,1,0,False
15928,291,1,293.53,1,1,2,Lost,0.0,1,0,False
15929,279,1,594.0,1,1,3,Lost,0.0,1,0,False
15931,63,1,239.9,3,1,1,Potential,0.0,1,0,False
15934,52,2,2190.66,3,3,5,Loyal,0.0,2,0,False
15936,14,2,282.79,5,3,2,Loyal,0.0,2,0,False
15938,91,4,330.23,2,4,2,At Risk,0.0,4,0,False
15939,9,1,2904.83,5,1,5,Potential,0.0,1,0,False
15941,272,1,405.0,1,1,2,Lost,0.5,1,1,False
15943,284,2,271.28999999999996,1,3,2,At Risk,0.0,2,0,False
15944,28,3,1839.1399999999999,4,3,4,Loyal,0.0,3,0,False
15945,0,4,646.27,5,4,3,Champions,0.0,4,0,True
15946,137,3,2304.18,2,3,5,At Risk,0.0,3,0,False
15948,59,1,553.85,3,1,3,Potential,0.0,1,0,False
15950,10,6,5376.2,5,5,5,Champions,0.25,6,2,False
15951,16,1,304.95,4,1,2,Potential,0.0,1,0,False
15953,4,11,1990.8,5,5,4,Champions,0.08333333333333333,11,1,True
15954,224,1,187.8,1,1,1,Lost,0.0,1,0,False
15955,7,9,4242.1,5,5,5,Champions,0.1,9,1,True
15956,186,2,617.6,1,3,3,At Risk,0.0,2,0,False
15957,55,2,492.36,3,3,2,Loyal,0.0,2,0,False
15958,38,3,357.77,3,3,2,Loyal,0.0,3,0,False
15959,317,3,542.89,1,3,3,At Risk,0.0,3,0,False
15960,9,4,410.95,5,4,2,Champions,0.2,4,1,False
15961,14,1,451.28999999999996,5,1,2,Potential,0.0,1,0,False
15962,84,1,289.48,2,2,2,Lost,0.0,1,0,False
15964,298,1,269.21000000000004,1,2,2,Lost,0.0,1,0,False
15965,2,10,2119.26,5,5,4,Champions,0.09090909090909091,10,1,True
15966,85,1,426.53000000000003,2,2,2,Lost,0.5,1,1,False
15967,14,10,2568.32,5,5,5,Champions,0.09090909090909091,10,1,True
15968,23,1,401.8,4,2,2,Potential,0.0,1,0,False
15969,60,2,460.95,3,3,2,Loyal,0.0,2,0,False
15970,233,1,703.22,1,2,3,Lost,0.0,1,0,False
15971,20,6,1702.98,4,5,4,Champions,0.25,6,2,False
15972,91,5,1769.33,2,4,4,At Risk,0.0,5,0,False
15973,1,2,665.62,5,3,3,Loyal,0.0,2,0,False
15976,45,4,1252.67,3,4,4,Loyal,0.0,4,0,False
15978,67,2,2180.64,3,3,5,Loyal,0.5,2,2,False
15979,237,1,329.22,1,2,2,Lost,0.0,1,0,False
15980,125,4,4144.82,2,4,5,At Risk,0.3333333333333333,4,2,False
15981,36,13,5954.29,3,5,5,Loyal,0.2777777777777778,13,5,False
15982,240,1,324.51,1,2,2,Lost,0.0,1,0,False
15983,0,6,2458.9,5,5,5,Champions,0.0,6,0,True
15984,3,21,5735.09,5,5,5,Champions,0.045454545454545456,21,1,True
15985,71,5,1572.8600000000001,2,4,4,At Risk,0.0,5,0,False
15986,16,1,186.3,4,2,1,Potential,0.0,1,0,False
15987,3,2,216.7,5,3,1,Loyal,0.0,2,0,False
15988,186,2,579.61,1,3,3,At Risk,0.0,2,0,False
15989,10,2,368.31,5,3,2,Loyal,0.0,2,0,False
15990,129,5,1205.64,2,4,4,At Risk,0.0,5,0,False
15991,169,1,150.55,2,2,1,Lost,0.0,1,0,False
15992,31,2,854.61,4,3,3,Loyal,0.0,2,0,False
15994,46,2,761.4100000000001,3,3,3,Loyal,0.5,2,2,False
15995,49,1,694.54,3,2,3,Potential,0.0,1,0,False
15996,1,2,617.07,5,3,3,Loyal,0.0,2,0,False
15998,28,11,5193.92,4,5,5,Champions,0.26666666666666666,11,4,False
15999,370,1,20.4,1,2,1,Lost,0.0,1,0,False
16001,16,1,583.39,4,2,3,Potential,0.5,1,1,False
16002,260,1,169.21,1,2,1,Lost,0.0,1,0,False
16003,16,5,2878.46,4,4,5,Champions,0.0,5,0,True
16004,109,5,2146.39,2,4,5,At Risk,0.0,5,0,False
16005,10,6,1786.3600000000001,5,5,4,Champions,0.14285714285714285,6,1,True
16006,22,1,231.42,4,2,1,Potential,0.0,1,0,False
16007,18,3,1359.25,4,3,4,Loyal,0.0,3,0,False
16008,17,12,4860.35,4,5,5,Champions,0.0,12,0,True
16010,11,8,1302.46,5,5,4,Champions,0.1111111111111111,8,1,True
16011,1,14,2484.3,5,5,5,Champions,0.06666666666666667,14,1,True
16012,36,2,1563.3,3,3,4,Loyal,0.0,2,0,False
16013,6,39,20009.84,5,5,5,Champions,0.07142857142857142,39,3,True
16014,43,2,453.45,3,3,2,Loyal,0.0,2,0,False
16016,1,4,980.91,5,4,3,Champions,0.3333333333333333,4,2,False
16017,52,4,1333.7,3,4,4,Loyal,0.0,4,0,False
16018,31,2,289.23,4,3,2,Loyal,0.0,2,0,False
16019,16,18,13542.92,4,5,5,Champions,0.28,18,7,False
16021,30,2,487.03,4,3,2,Loyal,0.0,2,0,False
16024,46,2,232.96,3,3,1,Loyal,0.0,2,0,False
16027,92,9,1113.74,2,5,4,At Risk,0.18181818181818182,9,2,False
16028,230,1,82.2,1,2,1,Lost,0.0,1,0,False
16029,7,47,41184.3,5,5,5,Champions,0.0784313725490196,47,4,True
16032,91,6,1965.72,2,5,4,At Risk,0.0,6,0,False
16033,4,8,1985.6299999999999,5,5,4,Champions,0.2,8,2,False
16034,29,3,473.62,4,3,2,Loyal,0.25,3,1,False
16035,195,1,217.73,1,2,1,Lost,0.0,1,0,False
16036,59,2,1797.92,3,3,4,Loyal,0.0,2,0,False
16037,179,2,654.32,1,3,3,At Risk,0.5,2,2,False
16039,58,2,456.4,3,3,2,Loyal,0.3333333333333333,2,1,False
16040,65,4,1103.35,3,4,4,Loyal,0.2,4,1,False
16042,14,3,1067.85,5,3,4,Loyal,0.5,3,3,False
16043,14,4,1082.6000000000001,5,4,4,Champions,0.0,4,0,True
16044,70,1,340.84000000000003,2,2,2,Lost,0.0,1,0,False
16045,51,4,2094.23,3,4,4,Loyal,0.2,4,1,False
16046,197,1,235.78,1,2,1,Lost,0.0,1,0,False
16047,317,1,107.14,1,2,1,Lost,0.0,1,0,False
16048,8,4,818.7900000000001,5,4,3,Champions,0.2,4,1,False
16049,10,3,777.34,5,3,3,Loyal,0.0,3,0,False
16050,18,2,162.8,4,3,1,Loyal,0.0,2,0,False
16051,316,1,188.44,1,2,1,Lost,0.0,1,0,False
16053,48,4,2122.89,3,4,4,Loyal,0.3333333333333333,4,2,False
16054,53,3,1327.98,3,3,4,Loyal,0.5,3,3,False
16057,154,3,1591.73,2,3,4,At Risk,0.5714285714285714,3,4,False
16058,41,1,62.7,3,2,1,Potential,0.0,1,0,False
16059,2,7,1718.66,5,5,4,Champions,0.0,7,0,True
16060,35,3,541.95,4,3,3,Loyal,0.0,3,0,False
16061,66,1,89.65,3,2,1,Potential,0.5,1,1,False
16062,14,4,1709.83,5,4,4,Champions,0.0,4,0,True
16064,360,1,109.31,1,2,1,Lost,0.0,1,0,False
16065,0,8,1992.13,5,5,4,Champions,0.2,8,2,False
16067,197,3,3269.11,1,3,5,At Risk,0.5,3,3,False
16068,228,1,115.73,1,2,1,Lost,0.0,1,0,False
16069,52,1,457.7,3,2,2,Potential,0.0,1,0,False
16071,162,3,750.5600000000001,2,3,3,At Risk,0.0,3,0,False
16072,63,3,3595.77,3,3,5,Loyal,0.0,3,0,False
16074,25,1,252.5,4,2,2,Potential,0.0,1,0,False
16075,137,2,736.9300000000001,2,3,3,At Risk,0.3333333333333333,2,1,False
16077,260,1,2300.4,1,2,5,Lost,0.5,1,1,False
16078,304,1,283.79,1,2,2,Lost,0.0,1,0,False
16080,20,2,385.40000000000003,4,3,2,Loyal,0.3333333333333333,2,1,False
16081,1,4,1637.14,5,4,4,Champions,0.0,4,0,True
16082,305,1,106.75,1,2,1,Lost,0.0,1,0,False
16083,17,2,1033.8,4,3,4,Loyal,0.0,2,0,False
16085,15,7,1343.2,4,5,4,Champions,0.125,7,1,True
16086,2,6,1743.6,5,5,4,Champions,0.0,6,0,True
16087,24,5,1739.92,4,4,4,Champions,0.0,5,0,True
16088,210,2,1437.43,1,3,4,At Risk,0.0,2,0,False
16089,21,2,263.49,4,3,2,Loyal,0.0,2,0,False
16090,259,1,180.56,1,2,1,Lost,0.0,1,0,False
16092,139,3,770.08,2,3,3,At Risk,0.4,3,2,False
16094,10,7,2617.33,5,5,5,Champions,0.46153846153846156,7,6,False
16095,91,1,447.05,2,2,2,Lost,0.0,1,0,False
16096,51,3,1264.3500000000001,3,3,4,Loyal,0.0,3,0,False
16098,8,8,2435.67,5,5,5,Champions,0.0,8,0,True
16099,52,4,841.3,3,4,3,Loyal,0.2,4,1,False
16100,97,1,582.64,2,2,3,Lost,0.0,1,0,False
16101,69,3,1938.46,3,3,4,Loyal,0.25,3,1,False
16103,24,16,4762.07,4,5,5,Champions,0.23809523809523808,16,5,False
16104,53,8,2476.25,3,5,5,Loyal,0.2,8,2,False
16105,73,4,2049.23,2,4,4,At Risk,0.0,4,0,False
16108,69,3,1393.42,3,3,4,Loyal,0.5,3,3,False
16109,333,1,327.6,1,2,2,Lost,0.5,1,1,False
16110,157,1,460.64,2,2,2,Lost,0.0,1,0,False
16111,63,1,549.33,3,2,3,Potential,0.0,1,0,False
16115,32,4,892.92,4,4,3,Champions,0.0,4,0,True
16117,37,2,422.19,3,3,2,Loyal,0.3333333333333333,2,1,False
16118,287,1,4376.25,1,2,5,Lost,0.8,1,4,False
16119,29,6,1297.45,4,5,4,Champions,0.0,6,0,True
16120,57,2,1658.3700000000001,3,3,4,Loyal,0.0,2,0,False
16121,25,3,595.38,4,3,3,Loyal,0.25,3,1,False
16122,1,3,316.92,5,3,2,Loyal,0.0,3,0,False
16124,53,3,1523.49,3,3,4,Loyal,0.25,3,1,False
16125,2,14,4292.35,5,5,5,Champions,0.0,14,0,True
16126,14,11,8356.83,5,5,5,Champions,0.0,11,0,True
16127,361,1,145.06,1,2,1,Lost,0.0,1,0,False
16128,15,6,1920.83,4,5,4,Champions,0.3333333333333333,6,3,False
16129,42,3,1396.05,3,3,4,Loyal,0.0,3,0,False
16130,57,4,987.48,3,4,4,Loyal,0.0,4,0,False
16131,10,6,6450.88,5,5,5,Champions,0.3333333333333333,6,3,False
16132,179,2,664.1999999999999,1,3,3,At Risk,0.0,2,0,False
16133,11,23,8403.22,5,5,5,Champions,0.28125,23,9,False
16134,58,3,1527.25,3,3,4,Loyal,0.25,3,1,False
16135,218,1,301.9,1,2,2,Lost,0.0,1,0,False
16136,298,1,237.42,1,2,1,Lost,0.5,1,1,False
16137,315,1,422.7,1,2,2,Lost,0.0,1,0,False
16138,13,3,910.35,5,3,3,Loyal,0.25,3,1,False
16139,357,2,475.74,1,3,2,At Risk,0.0,2,0,False
16140,6,2,832.4200000000001,5,3,3,Loyal,0.0,2,0,False
16141,52,1,335.54,3,2,2,Potential,0.0,1,0,False
16143,4,7,2485.89,5,5,5,Champions,0.3,7,3,False
16145,23,8,3005.9500000000003,4,5,5,Champions,0.2727272727272727,8,3,False
16146,83,1,212.25,2,2,1,Lost,0.0,1,0,False
16147,35,4,2023.91,4,4,4,Champions,0.3333333333333333,4,2,False
16148,71,1,310.3,2,2,2,Lost,0.6666666666666666,1,2,False
16149,64,1,141.70000000000002,3,2,1,Potential,0.0,1,0,False
16150,7,6,2342.57,5,5,5,Champions,0.45454545454545453,6,5,False
16153,55,6,3309.2599999999998,3,5,5,Loyal,0.25,6,2,False
16155,16,5,796.9,4,4,3,Champions,0.16666666666666666,5,1,True
16156,17,11,3096.14,4,5,5,Champions,0.15384615384615385,11,2,True
16158,157,9,628.32,2,5,3,At Risk,0.1,9,1,False
16159,105,3,884.59,2,3,3,At Risk,0.25,3,1,False
16161,3,25,7210.59,5,5,5,Champions,0.24242424242424243,25,8,False
16163,0,5,1992.98,5,4,4,Champions,0.5833333333333334,5,7,False
16165,140,1,79.9,2,2,1,Lost,0.0,1,0,False
16166,63,2,435.83,3,3,2,Loyal,0.5,2,2,False
16167,49,5,1386.1200000000001,3,4,4,Loyal,0.16666666666666666,5,1,False
16168,4,40,6848.87,5,5,5,Champions,0.13043478260869565,40,6,True
16170,30,14,4983.95,4,5,5,Champions,0.2222222222222222,14,4,False
16172,108,3,744.34,2,3,3,At Risk,0.0,3,0,False
16174,126,4,1237.2,2,4,4,At Risk,0.0,4,0,False
16175,106,3,798.85,2,3,3,At Risk,0.0,3,0,False
16176,56,4,2052.69,3,4,4,Loyal,0.42857142857142855,4,3,False
16177,71,7,1915.36,2,5,4,At Risk,0.36363636363636365,7,4,False
16178,36,1,414.7,3,2,2,Potential,0.0,1,0,False
16180,113,5,5995.69,2,4,5,At Risk,0.16666666666666666,5,1,False
16182,73,5,3354.0,2,4,5,At Risk,0.0,5,0,False
16183,29,3,739.1,4,3,3,Loyal,0.0,3,0,False
16185,199,1,115.31,1,2,1,Lost,0.0,1,0,False
16186,7,15,5019.17,5,5,5,Champions,0.16666666666666666,15,3,True
16188,43,1,105.80000000000001,3,2,1,Potential,0.5,1,1,False
16190,29,7,2508.4700000000003,4,5,5,Champions,0.0,7,0,True
16191,10,11,10497.300000000001,5,5,5,Champions,0.26666666666666666,11,4,False
16192,370,1,351.3,1,2,2,Lost,0.0,1,0,False
16193,45,1,315.98,3,2,2,Potential,0.0,1,0,False
16194,10,1,308.59999999999997,5,2,2,Potential,0.0,1,0,False
16195,358,1,323.25,1,2,2,Lost,0.0,1,0,False
16196,123,1,93.3,2,2,1,Lost,0.0,1,0,False
16197,104,9,2016.71,2,5,4,At Risk,0.0,9,0,False
16198,72,1,629.36,2,2,3,Lost,0.0,1,0,False
16199,27,7,942.75,4,5,3,Champions,0.0,7,0,True
16200,17,10,4539.23,4,5,5,Champions,0.09090909090909091,10,1,True
16201,50,1,248.65,3,2,1,Potential,0.0,1,0,False
16202,52,8,2136.72,3,5,4,Loyal,0.2,8,2,False
16203,7,3,521.64,5,3,3,Loyal,0.0,3,0,False
16204,15,2,534.53,4,3,3,Loyal,0.3333333333333333,2,1,False
16205,31,3,1062.48,4,3,4,Loyal,0.0,3,0,False
16206,22,9,2040.06,4,5,4,Champions,0.1,9,1,True
16208,29,8,2776.19,4,5,5,Champions,0.0,8,0,True
16209,17,4,1884.16,4,4,4,Champions,0.0,4,0,True
16210,3,18,17393.21,5,5,5,Champions,0.1,18,2,True
16211,56,2,543.5699999999999,3,3,3,Loyal,0.0,2,0,False
16212,253,2,603.37,1,3,3,At Risk,0.0,2,0,False
16214,70,1,975.5,2,2,3,Lost,0.0,1,0,False
16218,8,7,1355.29,5,5,4,Champions,0.4166666666666667,7,5,False
16219,135,1,40.8,2,2,1,Lost,0.0,1,0,False
16221,2,7,1324.35,5,5,4,Champions,0.125,7,1,True
16222,356,1,498.5,1,2,3,Lost,0.0,1,0,False
16223,9,2,1087.05,5,3,4,Loyal,0.0,2,0,False
16224,22,1,321.24,4,2,2,Potential,0.0,1,0,False
16225,37,10,1762.99,3,5,4,Loyal,0.23076923076923078,10,3,False
16226,13,2,417.05,5,3,2,Loyal,0.0,2,0,False
16227,129,2,713.0,2,3,3,At Risk,0.5,2,2,False
16228,20,3,885.71,4,3,3,Loyal,0.25,3,1,False
16229,16,4,1857.26,4,4,4,Champions,0.2,4,1,False
16231,14,4,1074.47,5,4,4,Champions,0.0,4,0,True
16232,55,3,1722.09,3,3,4,Loyal,0.4,3,2,False
16233,1,7,1429.03,5,5,4,Champions,0.125,7,1,True
16234,111,3,333.18,2,3,2,At Risk,0.25,3,1,False
16235,10,4,1186.4,5,4,4,Champions,0.2,4,1,False
16237,72,1,136.65,2,2,1,Lost,0.0,1,0,False
16238,57,1,63.66,3,2,1,Potential,0.0,1,0,False
16239,17,4,1078.0,4,4,4,Champions,0.0,4,0,True
16241,4,4,1677.15,5,4,4,Champions,0.0,4,0,True
16242,16,7,3824.79,4,5,5,Champions,0.3,7,3,False
16244,7,1,1056.63,5,2,4,Potential,0.0,1,0,False
16246,94,2,821.35,2,3,3,At Risk,0.0,2,0,False
16250,8,2,401.94,5,3,2,Loyal,0.0,2,0,False
16251,147,1,128.31,2,2,1,Lost,0.0,1,0,False
16252,17,1,295.09000000000003,4,2,2,Potential,0.5,1,1,False
16253,55,5,3588.34,3,4,5,Loyal,0.16666666666666666,5,1,False
16254,13,3,967.44,5,3,3,Loyal,0.0,3,0,False
16255,0,8,2284.34,5,5,5,Champions,0.2,8,2,False
16256,128,2,876.9399999999999,2,3,3,At Risk,0.0,2,0,False
16258,22,10,6739.01,4,5,5,Champions,0.09090909090909091,10,1,True
16259,45,3,340.94,3,3,2,Loyal,0.0,3,0,False
16261,21,2,312.62,4,3,2,Loyal,0.0,2,0,False
16262,13,1,755.15,5,2,3,Potential,0.5,1,1,False
16263,58,1,348.16,3,2,2,Potential,0.0,1,0,False
16264,73,2,823.53,2,3,3,At Risk,0.0,2,0,False
16265,21,3,1488.17,4,3,4,Loyal,0.25,3,1,False
16266,58,7,896.06,3,5,3,Loyal,0.0,7,0,False
16267,226,1,186.66,1,2,1,Lost,0.0,1,0,False
16269,72,1,717.57,2,2,3,Lost,0.5,1,1,False
16271,92,5,1993.18,2,4,4,At Risk,0.0,5,0,False
16273,283,2,318.34000000000003,1,3,2,At Risk,0.0,2,0,False
16274,8,1,331.55,5,2,2,Potential,0.0,1,0,False
16275,109,2,1591.24,2,3,4,At Risk,0.0,2,0,False
16276,114,2,1818.79,2,3,4,At Risk,0.0,2,0,False
16277,368,1,188.69,1,2,1,Lost,0.0,1,0,False
16278,115,2,551.46,2,3,3,At Risk,0.5,2,2,False
16279,20,6,4195.5,4,5,5,Champions,0.0,6,0,True
16280,360,1,238.05,1,2,1,Lost,0.0,1,0,False
16281,58,2,1361.96,3,3,4,Loyal,0.3333333333333333,2,1,False
16282,122,2,1139.28,2,3,4,At Risk,0.0,2,0,False
16283,53,3,2779.51,3,3,5,Loyal,0.4,3,2,False
16284,28,1,205.8,4,2,1,Potential,0.0,1,0,False
16285,281,1,176.9,1,2,1,Lost,0.0,1,0,False
16286,112,2,328.95,2,3,2,At Risk,0.5,2,2,False
16287,11,4,864.48,5,4,3,Champions,0.0,4,0,True
16288,105,1,129.85,2,2,1,Lost,0.0,1,0,False
16289,97,1,136.31,2,2,1,Lost,0.5,1,1,False
16290,99,4,1957.7,2,4,4,At Risk,0.0,4,0,False
16291,317,1,117.72,1,2,1,Lost,0.0,1,0,False
16292,15,4,951.51,4,4,3,Champions,0.42857142857142855,4,3,False
16293,2,6,2408.96,5,5,5,Champions,0.25,6,2,False
16294,111,1,126.05000000000001,2,2,1,Lost,0.0,1,0,False
16296,261,4,1313.67,1,4,4,At Risk,0.3333333333333333,4,2,False
16298,32,4,487.5,4,4,2,Champions,0.3333333333333333,4,2,False
16299,112,1,193.65,2,2,1,Lost,0.5,1,1,False
16300,65,3,1367.32,3,3,4,Loyal,0.0,3,0,False
16301,371,1,107.33,1,2,1,Lost,0.0,1,0,False
16303,27,4,2567.64,4,4,5,Champions,0.2,4,1,False
16304,329,1,381.66,1,2,2,Lost,0.0,1,0,False
16306,2,2,560.55,5,3,3,Loyal,0.0,2,0,False
16307,64,3,1194.92,3,3,4,Loyal,0.0,3,0,False
16308,41,3,2560.0,3,3,5,Loyal,0.0,3,0,False
16310,49,2,460.08,3,3,2,Loyal,0.0,2,0,False
16312,67,1,171.15,3,2,1,Potential,0.0,1,0,False
16314,24,3,1491.4,4,3,4,Loyal,0.0,3,0,False
16315,171,1,176.34,2,2,1,Lost,0.0,1,0,False
16316,15,5,2806.0,4,4,5,Champions,0.2857142857142857,5,2,False
16317,185,2,850.86,1,3,3,At Risk,0.3333333333333333,2,1,False
16320,88,4,4590.53,2,4,5,At Risk,0.2,4,1,False
16321,261,2,230.9,1,3,1,At Risk,0.3333333333333333,2,1,False
16323,212,1,146.16,1,2,1,Lost,0.0,1,0,False
16325,59,9,3003.26,3,5,5,Loyal,0.25,9,3,False
16326,18,10,1587.03,4,5,4,Champions,0.0,10,0,True
16327,4,11,6844.37,5,5,5,Champions,0.26666666666666666,11,4,False
16328,198,1,310.83,1,2,2,Lost,0.0,1,0,False
16329,62,4,1664.92,3,4,4,Loyal,0.0,4,0,False
16330,59,4,373.46999999999997,3,4,2,Loyal,0.0,4,0,False
16331,67,6,2037.7,3,5,4,Loyal,0.0,6,0,False
16332,66,4,414.69,3,4,2,Loyal,0.2,4,1,False
16334,127,1,263.73,2,2,2,Lost,0.0,1,0,False
16335,186,7,2753.52,1,5,5,At Risk,0.125,7,1,False
16336,55,4,3517.69,3,4,5,Loyal,0.0,4,0,False
16340,74,2,961.93,2,3,3,At Risk,0.0,2,0,False
16341,72,3,1878.92,2,3,4,At Risk,0.25,3,1,False
16343,42,1,285.54,3,2,2,Potential,0.0,1,0,False
16344,144,3,741.3199999999999,2,4,3,At Risk,0.0,3,0,False
16345,118,1,613.33,2,2,3,Lost,0.0,1,0,False
16346,20,1,224.51,4,2,1,Potential,0.0,1,0,False
16347,23,9,2595.51,4,5,5,Champions,0.18181818181818182,9,2,True
16348,65,1,328.77,3,2,2,Potential,0.0,1,0,False
16350,9,5,1137.42,5,4,4,Champions,0.375,5,3,False
16351,46,12,3176.13,3,5,5,Loyal,0.29411764705882354,12,5,False
16353,4,16,3323.75,5,5,5,Champions,0.15789473684210525,16,3,True
16354,14,3,723.66,5,4,3,Champions,0.0,3,0,True
16355,10,1,416.35,5,2,2,Potential,0.5,1,1,False
16356,11,3,204.10000000000002,5,4,1,Champions,0.0,3,0,True
16357,16,1,209.49,4,2,1,Potential,0.0,1,0,False
16358,29,1,892.1500000000001,4,2,3,Potential,0.0,1,0,False
16359,11,7,946.83,5,5,3,Champions,0.125,7,1,True
16362,72,1,212.17,2,2,1,Lost,0.5,1,1,False
16365,2,7,1766.78,5,5,4,Champions,0.125,7,1,True
16366,217,3,1220.83,1,4,4,At Risk,0.0,3,0,False
16367,18,1,549.8100000000001,4,2,3,Potential,0.0,1,0,False
16368,70,1,141.53,2,2,1,Lost,0.0,1,0,False
16369,71,4,1111.15,2,4,4,At Risk,0.0,4,0,False
16371,83,1,157.2,2,2,1,Lost,0.0,1,0,False
16372,44,3,934.58,3,4,3,Loyal,0.25,3,1,False
16373,17,2,309.49,4,3,2,Loyal,0.0,2,0,False
16374,37,3,1250.77,3,4,4,Loyal,0.0,3,0,False
16375,105,2,104.0,2,3,1,At Risk,0.0,2,0,False
16377,252,1,632.28,1,2,3,Lost,0.0,1,0,False
16381,30,2,247.85,4,3,1,Loyal,0.0,2,0,False
16382,43,2,353.1,3,3,2,Loyal,0.0,2,0,False
16383,31,5,2244.23,4,4,5,Champions,0.16666666666666666,5,1,True
16384,64,2,774.4499999999999,3,3,3,Loyal,0.0,2,0,False
16385,1,3,473.69,5,4,2,Champions,0.0,3,0,True
16386,22,1,765.59,4,2,3,Potential,0.0,1,0,False
16387,30,4,788.1,4,4,3,Champions,0.0,4,0,True
16388,288,1,186.05,1,2,1,Lost,0.0,1,0,False
16390,171,3,467.5,2,4,2,At Risk,0.0,3,0,False
16391,35,4,1048.86,4,4,4,Champions,0.0,4,0,True
16392,48,2,537.56,3,3,3,Loyal,0.0,2,0,False
16393,4,11,2441.61,5,5,5,Champions,0.0,11,0,True
16395,28,9,2035.5,4,5,4,Champions,0.25,9,3,False
16396,111,1,137.8,2,2,1,Lost,0.6666666666666666,1,2,False
16397,263,1,123.13,1,2,1,Lost,0.0,1,0,False
16399,24,1,222.20000000000002,4,2,1,Potential,0.0,1,0,False
16400,30,8,2755.92,4,5,5,Champions,0.0,8,0,True
16401,14,11,2749.13,5,5,5,Champions,0.42105263157894735,11,8,False
16402,4,1,205.65,5,2,1,Potential,0.0,1,0,False
16406,85,2,374.01,2,3,2,At Risk,0.3333333333333333,2,1,False
16407,24,4,681.97,4,4,3,Champions,0.0,4,0,True
16408,226,1,231.93,1,2,1,Lost,0.0,1,0,False
16409,15,7,3629.76,4,5,5,Champions,0.0,7,0,True
16410,369,1,130.32,1,2,1,Lost,0.0,1,0,False
16411,4,3,673.24,5,4,3,Champions,0.0,3,0,True
16412,28,4,457.2,4,4,2,Champions,0.0,4,0,True
16413,10,1,259.83,5,2,2,Potential,0.0,1,0,False
16414,66,3,424.96000000000004,3,4,2,Loyal,0.0,3,0,False
16415,218,2,496.49,1,3,2,At Risk,0.0,2,0,False
16416,25,6,1906.48,4,5,4,Champions,0.0,6,0,True
16417,127,1,35.7,2,2,1,Lost,0.0,1,0,False
16418,43,2,397.62,3,3,2,Loyal,0.0,2,0,False
16419,212,2,504.99,1,3,3,At Risk,0.0,2,0,False
16420,31,1,75.0,4,2,1,Potential,0.0,1,0,False
16421,11,3,526.27,5,4,3,Champions,0.0,3,0,True
16422,4,59,28904.670000000002,5,5,5,Champions,0.16901408450704225,59,12,True
16424,17,1,309.5,4,2,2,Potential,0.0,1,0,False
16428,48,3,638.49,3,4,3,Loyal,0.0,3,0,False
16430,16,5,802.09,4,4,3,Champions,0.0,5,0,True
16433,43,1,200.26,3,2,1,Potential,0.0,1,0,False
16434,81,5,1161.89,2,4,4,At Risk,0.16666666666666666,5,1,False
16435,147,3,1003.0699999999999,2,4,4,At Risk,0.0,3,0,False
16436,303,3,319.14,1,4,2,At Risk,0.25,3,1,False
16437,16,2,301.25,4,3,2,Loyal,0.0,2,0,False
16439,357,1,310.70000000000005,1,2,2,Lost,0.0,1,0,False
16440,128,1,216.3,2,2,1,Lost,0.0,1,0,False
16441,52,3,631.98,3,4,3,Loyal,0.25,3,1,False
16442,239,2,282.68,1,3,2,At Risk,0.0,2,0,False
16443,155,1,162.24,2,2,1,Lost,0.0,1,0,False
16444,25,13,2971.21,4,5,5,Champions,0.13333333333333333,13,2,True
16445,21,3,352.65,4,4,2,Champions,0.0,3,0,True
16447,225,2,471.19,1,3,2,At Risk,0.0,2,0,False
16448,106,1,178.13,2,2,1,Lost,0.0,1,0,False
16450,219,2,1193.81,1,3,4,At Risk,0.3333333333333333,2,1,False
16451,196,2,746.1800000000001,1,3,3,At Risk,0.3333333333333333,2,1,False
16452,265,2,332.17,1,3,2,At Risk,0.0,2,0,False
16453,165,2,251.71,2,3,2,At Risk,0.0,2,0,False
16454,241,2,24.05,1,3,1,At Risk,0.6,2,3,False
16455,6,6,2535.69,5,5,5,Champions,0.25,6,2,False
16456,8,9,4630.16,5,5,5,Champions,0.0,9,0,True
16458,10,12,2208.15,5,5,5,Champions,0.0,12,0,True
16459,364,1,71.78999999999999,1,2,1,Lost,0.0,1,0,False
16461,225,2,1396.91,1,3,4,At Risk,0.0,2,0,False
16465,55,2,746.24,3,3,3,Loyal,0.3333333333333333,2,1,False
16466,18,8,2171.13,4,5,5,Champions,0.1111111111111111,8,1,True
16467,143,7,2869.16,2,5,5,At Risk,0.125,7,1,False
16468,105,2,712.62,2,3,3,At Risk,0.0,2,0,False
16469,149,1,178.48000000000002,2,2,1,Lost,0.0,1,0,False
16470,31,7,1664.08,4,5,4,Champions,0.0,7,0,True
16471,28,3,966.03,4,4,3,Champions,0.4,3,2,False
16472,69,2,789.6,3,3,3,Loyal,0.0,2,0,False
16473,9,1,154.72,5,2,1,Potential,0.0,1,0,False
16476,66,1,350.35,3,2,2,Potential,0.6666666666666666,1,2,False
16477,6,5,1825.56,5,4,4,Champions,0.0,5,0,True
16481,317,1,453.38,1,2,2,Lost,0.6666666666666666,1,2,False
16485,67,4,1923.54,3,4,4,Loyal,0.3333333333333333,4,2,False
16486,172,1,134.36,2,2,1,Lost,0.0,1,0,False
16487,212,2,209.4,1,3,1,At Risk,0.0,2,0,False
16489,15,2,303.7,4,3,2,Loyal,0.0,2,0,False
16490,71,1,205.41000000000003,2,2,1,Lost,0.5,1,1,False
16491,48,1,801.66,3,2,3,Potential,0.5,1,1,False
16492,175,1,385.56,2,2,2,Lost,0.0,1,0,False
16493,79,3,780.46,2,4,3,At Risk,0.0,3,0,False
16496,66,3,731.25,3,4,3,Loyal,0.0,3,0,False
16497,48,17,3729.59,3,5,5,Loyal,0.0,17,0,False
16499,9,6,2212.89,5,5,5,Champions,0.3333333333333333,6,3,False
16500,9,3,443.05,5,4,2,Champions,0.25,3,1,False
16501,18,1,1191.23,4,2,4,Potential,0.0,1,0,False
16502,255,2,258.55,1,3,2,At Risk,0.0,2,0,False
16503,30,7,2182.41,4,5,5,Champions,0.125,7,1,True
16507,207,1,142.71,1,2,1,Lost,0.0,1,0,False
16508,265,1,240.95,1,2,1,Lost,0.0,1,0,False
16510,7,6,1757.25,5,5,4,Champions,0.0,6,0,True
16511,32,3,842.16,4,4,3,Champions,0.0,3,0,True
16515,14,5,1554.92,5,4,4,Champions,0.0,5,0,True
16518,56,2,475.05,3,3,2,Loyal,0.3333333333333333,2,1,False
16519,0,3,327.68,5,4,2,Champions,0.0,3,0,True
16520,0,4,1427.57,5,4,4,Champions,0.2,4,1,False
16521,50,3,1136.36,3,4,4,Loyal,0.0,3,0,False
16522,70,2,433.36,2,3,2,At Risk,0.0,2,0,False
16523,50,7,2497.86,3,5,5,Loyal,0.36363636363636365,7,4,False
16524,81,2,306.19,2,3,2,At Risk,0.0,2,0,False
16525,1,23,11535.29,5,5,5,Champions,0.11538461538461539,23,3,True
16526,219,1,426.85,1,2,2,Lost,0.0,1,0,False
16527,59,1,1004.88,3,2,4,Potential,0.0,1,0,False
16529,112,3,1531.55,2,4,4,At Risk,0.0,3,0,False
16530,303,1,48.349999999999994,1,2,1,Lost,0.0,1,0,False
16531,16,4,1053.74,4,4,4,Champions,0.2,4,1,False
16532,66,2,2007.84,3,3,4,Loyal,0.0,2,0,False
16534,277,1,635.9,1,2,3,Lost,0.0,1,0,False
16535,20,1,358.28999999999996,4,2,2,Potential,0.0,1,0,False
16537,276,1,10.55,1,2,1,Lost,0.0,1,0,False
16538,176,3,395.07,1,4,2,At Risk,0.0,3,0,False
16539,8,7,2343.2,5,5,5,Champions,0.0,7,0,True
16540,49,1,205.75,3,2,1,Potential,0.0,1,0,False
16541,370,1,424.03,1,2,2,Lost,0.5,1,1,False
16542,36,1,137.7,3,2,1,Potential,0.0,1,0,False
16543,226,1,292.21,1,2,2,Lost,0.5,1,1,False
16544,154,4,376.70000000000005,2,4,2,At Risk,0.3333333333333333,4,2,False
16545,10,1,350.52,5,2,2,Potential,0.0,1,0,False
16546,7,4,4819.32,5,4,5,Champions,0.3333333333333333,4,2,False
16547,181,1,104.25999999999999,1,2,1,Lost,0.0,1,0,False
16548,234,1,30.15,1,2,1,Lost,0.0,1,0,False
16549,32,24,8746.9,4,5,5,Champions,0.1111111111111111,24,3,True
16550,3,14,7063.37,5,5,5,Champions,0.36363636363636365,14,8,False
16551,58,4,1315.0,3,4,4,Loyal,0.0,4,0,False
16552,8,1,95.29,5,2,1,Potential,0.0,1,0,False
16553,31,21,10864.19,4,5,5,Champions,0.08695652173913043,21,2,True
16554,21,5,2004.6200000000001,4,4,4,Champions,0.5454545454545454,5,6,False
16555,140,4,1629.79,2,4,4,At Risk,0.5,4,4,False
16556,10,10,4698.79,5,5,5,Champions,0.4117647058823529,10,7,False
16558,1,19,5535.02,5,5,5,Champions,0.20833333333333334,19,5,False
16559,32,1,175.0,4,2,1,Potential,0.0,1,0,False
16560,32,6,2206.9700000000003,4,5,5,Champions,0.14285714285714285,6,1,True
16562,111,1,223.85999999999999,2,2,1,Lost,0.0,1,0,False
16563,35,5,3334.82,4,4,5,Champions,0.16666666666666666,5,1,True
16564,204,1,87.8,1,2,1,Lost,0.0,1,0,False
16565,41,3,599.35,3,4,3,Loyal,0.25,3,1,False
16568,62,2,1020.9000000000001,3,3,4,Loyal,0.0,2,0,False
16569,266,4,1331.03,1,4,4,At Risk,0.0,4,0,False
16570,14,10,3695.91,5,5,5,Champions,0.375,10,6,False
16571,30,7,2827.05,4,5,5,Champions,0.4166666666666667,7,5,False
16574,58,2,850.34,3,3,3,Loyal,0.0,2,0,False
16576,55,2,540.87,3,3,3,Loyal,0.6,2,3,False
16577,301,1,380.0,1,2,2,Lost,0.0,1,0,False
16578,261,1,156.6,1,2,1,Lost,0.0,1,0,False
16579,60,1,295.05,3,2,2,Potential,0.5,1,1,False
16583,8,2,297.95,5,3,2,Loyal,0.0,2,0,False
16584,67,3,2220.09,3,4,5,Loyal,0.25,3,1,False
16585,228,2,341.59,1,3,2,At Risk,0.0,2,0,False
16586,79,2,998.83,2,3,4,At Risk,0.0,2,0,False
16588,21,4,1361.28,4,4,4,Champions,0.0,4,0,True
16589,85,1,153.12,2,2,1,Lost,0.0,1,0,False
16590,35,2,605.9,4,3,3,Loyal,0.3333333333333333,2,1,False
16592,10,12,3694.23,5,5,5,Champions,0.2,12,3,False
16593,25,5,741.11,4,4,3,Champions,0.16666666666666666,5,1,True
16595,11,4,1397.59,5,4,4,Champions,0.0,4,0,True
16596,1,3,329.48,5,4,2,Champions,0.0,3,0,True
16599,20,1,172.8,4,2,1,Potential,0.0,1,0,False
16600,9,7,1339.89,5,5,4,Champions,0.3,7,3,False
16601,25,2,434.3,4,3,2,Loyal,0.0,2,0,False
16602,23,1,235.25,4,2,1,Potential,0.6666666666666666,1,2,False
16604,197,2,432.45,1,3,2,At Risk,0.3333333333333333,2,1,False
16605,359,1,60.48,1,2,1,Lost,0.0,1,0,False
16606,39,2,357.66,3,3,2,Loyal,0.0,2,0,False
16607,34,11,2359.16,4,5,5,Champions,0.15384615384615385,11,2,True
16608,88,2,1286.6200000000001,2,3,4,At Risk,0.0,2,0,False
16611,38,5,1655.64,3,4,4,Loyal,0.0,5,0,False
16612,14,5,2057.77,5,4,4,Champions,0.16666666666666666,5,1,True
16614,37,2,673.6,3,3,3,Loyal,0.0,2,0,False
16615,261,1,291.5,1,2,2,Lost,0.5,1,1,False
16619,18,3,1712.1200000000001,4,4,4,Champions,0.0,3,0,True
16620,24,4,1579.97,4,4,4,Champions,0.0,4,0,True
16622,178,1,225.4,1,2,1,Lost,0.5,1,1,False
16623,36,3,885.79,3,4,3,Loyal,0.25,3,1,False
16625,57,4,1320.95,3,4,4,Loyal,0.2,4,1,False
16628,42,2,130.05,3,3,1,Loyal,0.0,2,0,False
16630,42,1,106.80000000000001,3,2,1,Potential,0.5,1,1,False
16631,116,7,1892.52,2,5,4,At Risk,0.125,7,1,False
16632,120,2,406.4,2,3,2,At Risk,0.0,2,0,False
16634,7,5,1596.71,5,4,4,Champions,0.4444444444444444,5,4,False
16635,41,1,473.0,3,2,2,Potential,0.0,1,0,False
16636,73,4,3802.04,2,4,5,At Risk,0.0,4,0,False
16638,3,6,749.8100000000001,5,5,3,Champions,0.0,6,0,True
16639,44,1,490.47,3,2,2,Potential,0.0,1,0,False
16640,32,1,179.4,4,2,1,Potential,0.0,1,0,False
16641,336,1,323.40000000000003,1,2,2,Lost,0.0,1,0,False
16642,50,1,389.12,3,2,2,Potential,0.5,1,1,False
16643,57,1,435.6,3,2,2,Potential,0.5,1,1,False
16645,370,1,160.39,1,2,1,Lost,0.0,1,0,False
16646,84,1,678.8,2,2,3,Lost,0.5,1,1,False
16647,77,2,327.84,2,3,2,At Risk,0.0,2,0,False
16648,90,2,382.14,2,3,2,At Risk,0.0,2,0,False
16649,155,1,306.58000000000004,2,2,2,Lost,0.0,1,0,False
16650,55,6,1397.69,3,5,4,Loyal,0.0,6,0,False
16651,221,1,136.2,1,2,1,Lost,0.0,1,0,False
16652,39,9,10776.42,3,5,5,Loyal,0.3076923076923077,9,4,False
16654,3,5,1110.2,5,4,4,Champions,0.0,5,0,True
16655,46,7,2633.74,3,5,5,Loyal,0.125,7,1,False
16656,55,15,8207.37,3,5,5,Loyal,0.34782608695652173,15,8,False
16658,3,5,680.83,5,4,3,Champions,0.375,5,3,False
16660,57,3,611.9000000000001,3,4,3,Loyal,0.0,3,0,False
16661,175,4,932.76,2,4,3,At Risk,0.2,4,1,False
16662,29,1,151.05,4,2,1,Potential,0.0,1,0,False
16663,364,1,165.0,1,2,1,Lost,0.0,1,0,False
16664,204,1,109.2,1,2,1,Lost,0.0,1,0,False
16666,256,1,98.73,1,2,1,Lost,0.0,1,0,False
16668,22,7,555.7,4,5,3,Champions,0.0,7,0,True
16670,28,9,3934.25,4,5,5,Champions,0.4375,9,7,False
16673,314,1,171.13,1,2,1,Lost,0.0,1,0,False
16675,76,2,608.86,2,3,3,At Risk,0.0,2,0,False
16676,37,2,769.78,3,3,3,Loyal,0.0,2,0,False
16677,46,2,880.62,3,3,3,Loyal,0.3333333333333333,2,1,False
16679,1,3,663.31,5,4,3,Champions,0.0,3,0,True
16680,163,2,637.75,2,3,3,At Risk,0.0,2,0,False
16681,276,1,151.5,1,2,1,Lost,0.0,1,0,False
16683,168,1,320.25,2,2,2,Lost,0.5,1,1,False
16684,14,27,80489.21,5,5,5,Champions,0.20588235294117646,27,7,False
16686,24,9,1921.19,4,5,4,Champions,0.0,9,0,True
16687,25,1,157.63,4,2,1,Potential,0.0,1,0,False
16690,28,2,127.45,4,3,1,Loyal,0.0,2,0,False
16691,53,2,178.83,3,3,1,Loyal,0.0,2,0,False
16692,43,2,638.6999999999999,3,3,3,Loyal,0.0,2,0,False
16693,46,3,701.62,3,4,3,Loyal,0.0,3,0,False
16694,358,1,98.30000000000001,1,2,1,Lost,0.0,1,0,False
16695,196,2,191.9,1,3,1,At Risk,0.0,2,0,False
16699,15,7,994.6,4,5,4,Champions,0.125,7,1,True
16700,1,13,4091.16,5,5,5,Champions,0.13333333333333333,13,2,True
16701,58,13,4518.43,3,5,5,Loyal,0.1875,13,3,False
16702,50,4,1109.53,3,4,4,Loyal,0.2,4,1,False
16704,253,2,664.16,1,3,3,At Risk,0.0,2,0,False
16705,35,22,29480.061,4,5,5,Champions,0.3125,22,10,False
16707,35,4,533.41,4,4,3,Champions,0.0,4,0,True
16709,14,9,6026.14,5,5,5,Champions,0.0,9,0,True
16710,3,13,3823.78,5,5,5,Champions,0.07142857142857142,13,1,True
16711,14,4,1217.45,5,4,4,Champions,0.2,4,1,False
16712,36,2,621.5600000000001,3,3,3,Loyal,0.0,2,0,False
16713,1,18,7619.21,5,5,5,Champions,0.18181818181818182,18,4,True
16714,305,1,368.27,1,2,2,Lost,0.6666666666666666,1,2,False
16715,197,1,323.8,1,2,2,Lost,0.0,1,0,False
16716,265,1,1248.48,1,2,4,Lost,0.0,1,0,False
16717,1,9,3127.85,5,5,5,Champions,0.25,9,3,False
16718,4,5,3006.08,5,4,5,Champions,0.0,5,0,True
16719,3,8,2169.13,5,5,5,Champions,0.2,8,2,False
16720,11,2,413.79,5,3,2,Loyal,0.3333333333333333,2,1,False
16722,1,11,4258.2699999999995,5,5,5,Champions,0.08333333333333333,11,1,True
16723,78,2,654.96,2,3,3,At Risk,0.0,2,0,False
16724,39,1,147.35,3,2,1,Potential,0.0,1,0,False
16725,6,8,1052.14,5,5,4,Champions,0.1111111111111111,8,1,True
16726,18,2,705.14,4,3,3,Loyal,0.0,2,0,False
16727,27,3,1121.45,4,4,4,Champions,0.0,3,0,True
16731,283,1,170.3,1,2,1,Lost,0.0,1,0,False
16732,38,3,3783.89,3,4,5,Loyal,0.625,3,5,False
16733,164,1,259.68,2,2,2,Lost,0.0,1,0,False
16735,28,9,3970.0,4,5,5,Champions,0.4,9,6,False
16736,140,5,2956.56,2,4,5,At Risk,0.375,5,3,False
16737,212,1,417.59999999999997,1,2,2,Lost,0.0,1,0,False
16739,171,1,463.43,2,2,2,Lost,0.5,1,1,False
16740,30,1,226.91,4,2,1,Potential,0.0,1,0,False
16741,260,1,173.06,1,2,1,Lost,0.0,1,0,False
16742,127,13,2334.97,2,5,5,At Risk,0.0,13,0,False
16743,91,7,1999.02,2,5,4,At Risk,0.0,7,0,False
16746,18,24,11364.94,4,5,5,Champions,0.1111111111111111,24,3,True
16748,23,9,2121.43,4,5,4,Champions,0.1,9,1,True
16749,226,2,4157.88,1,3,5,At Risk,0.0,2,0,False
16752,7,1,207.5,5,2,1,Potential,0.0,1,0,False
16754,7,29,65500.07,5,5,5,Champions,0.14705882352941177,29,5,True
16755,102,4,1389.25,2,4,4,At Risk,0.2,4,1,False
16756,39,6,1072.97,3,5,4,Loyal,0.25,6,2,False
16757,44,1,163.65,3,2,1,Potential,0.0,1,0,False
16760,65,1,228.0,3,2,1,Potential,0.0,1,0,False
16763,373,1,352.85,1,2,2,Lost,0.0,1,0,False
16765,17,1,420.75,4,2,2,Potential,0.0,1,0,False
16767,53,4,2476.85,3,4,5,Loyal,0.2,4,1,False
16768,18,6,1220.48,4,5,4,Champions,0.3333333333333333,6,3,False
16769,113,3,755.51,2,4,3,At Risk,0.0,3,0,False
16770,7,5,1152.63,5,4,4,Champions,0.16666666666666666,5,1,True
16771,92,5,1690.49,2,4,4,At Risk,0.0,5,0,False
16772,58,3,3698.0499999999997,3,4,5,Loyal,0.4,3,2,False
16773,71,2,249.65,2,3,1,At Risk,0.0,2,0,False
16774,58,4,905.96,3,4,3,Loyal,0.0,4,0,False
16775,2,6,1361.23,5,5,4,Champions,0.14285714285714285,6,1,True
16776,50,1,220.97,3,2,1,Potential,0.0,1,0,False
16777,48,3,1069.56,3,4,4,Loyal,0.25,3,1,False
16779,1,32,22554.22,5,5,5,Champions,0.08571428571428572,32,3,True
16780,42,1,174.16,3,2,1,Potential,0.0,1,0,False
16781,7,2,623.0,5,3,3,Loyal,0.3333333333333333,2,1,False
16782,0,26,7732.37,5,5,5,Champions,0.21212121212121213,26,7,False
16783,71,1,391.95,2,2,2,Lost,0.0,1,0,False
16784,11,4,784.73,5,4,3,Champions,0.0,4,0,True
16785,44,1,533.78,3,2,3,Potential,0.0,1,0,False
16786,28,1,51.839999999999996,4,2,1,Potential,0.0,1,0,False
16787,32,4,1017.53,4,4,4,Champions,0.0,4,0,True
16788,39,3,1334.54,3,4,4,Loyal,0.0,3,0,False
16791,18,8,2251.85,4,5,5,Champions,0.2,8,2,False
16792,18,3,513.08,4,4,3,Champions,0.0,3,0,True
16794,15,5,856.1999999999999,4,4,3,Champions,0.0,5,0,True
16795,0,3,2062.41,5,4,4,Champions,0.4,3,2,False
16797,28,5,1802.02,4,4,4,Champions,0.4444444444444444,5,4,False
16798,189,3,841.16,1,4,3,At Risk,0.25,3,1,False
16799,67,2,452.78000000000003,3,3,2,Loyal,0.3333333333333333,2,1,False
16802,314,2,582.61,1,3,3,At Risk,0.0,2,0,False
16805,212,3,630.75,1,4,3,At Risk,0.0,3,0,False
16807,105,3,1002.29,2,4,4,At Risk,0.4,3,2,False
16809,67,4,812.74,3,4,3,Loyal,0.0,4,0,False
16810,55,1,532.5,3,2,3,Potential,0.5,1,1,False
16812,13,3,1912.65,5,4,4,Champions,0.25,3,1,False
16814,4,16,5781.4400000000005,5,5,5,Champions,0.0,16,0,True
16815,88,2,406.02,2,3,2,At Risk,0.0,2,0,False
16817,3,5,1200.15,5,4,4,Champions,0.2857142857142857,5,2,False
16819,100,2,182.59,2,3,1,At Risk,0.0,2,0,False
16821,16,1,113.35,4,2,1,Potential,0.0,1,0,False
16822,321,1,181.39,1,2,1,Lost,0.6666666666666666,1,2,False
16823,22,6,1884.71,4,5,4,Champions,0.14285714285714285,6,1,True
16824,28,1,225.6,4,2,1,Potential,0.0,1,0,False
16825,13,3,1051.71,5,4,4,Champions,0.0,3,0,True
16827,28,5,392.13,4,4,2,Champions,0.0,5,0,True
16829,23,1,316.1,4,2,2,Potential,0.0,1,0,False
16830,77,3,881.59,2,4,3,At Risk,0.25,3,1,False
16831,199,1,91.8,1,2,1,Lost,0.0,1,0,False
16832,63,2,218.45999999999998,3,3,1,Loyal,0.0,2,0,False
16833,74,2,1302.51,2,3,4,At Risk,0.0,2,0,False
16834,309,1,485.5,1,2,2,Lost,0.0,1,0,False
16835,8,5,1357.56,5,4,4,Champions,0.4444444444444444,5,4,False
16836,41,2,530.5,3,3,3,Loyal,0.0,2,0,False
16838,165,2,570.76,2,3,3,At Risk,0.3333333333333333,2,1,False
16839,4,11,5716.14,5,5,5,Champions,0.15384615384615385,11,2,True
16840,238,2,139.85,1,3,1,At Risk,0.3333333333333333,2,1,False
16841,63,6,2136.2400000000002,3,5,4,Loyal,0.14285714285714285,6,1,False
16843,57,19,9374.86,3,5,5,Loyal,0.09523809523809523,19,2,False
16844,197,2,614.34,1,3,3,At Risk,0.0,2,0,False
16845,253,1,253.88,1,2,2,Lost,0.0,1,0,False
16846,212,2,628.09,1,3,3,At Risk,0.0,2,0,False
16847,253,1,421.45000000000005,1,2,2,Lost,0.0,1,0,False
16848,11,3,1130.2,5,4,4,Champions,0.0,3,0,True
16854,52,2,1408.96,3,3,4,Loyal,0.0,2,0,False
16856,52,2,323.09000000000003,3,3,2,Loyal,0.0,2,0,False
16857,77,1,352.8,2,2,2,Lost,0.0,1,0,False
16858,3,10,4292.59,5,5,5,Champions,0.375,10,6,False
16859,51,5,1184.6,3,4,4,Loyal,0.0,5,0,False
16860,87,3,1610.62,2,4,4,At Risk,0.25,3,1,False
16861,25,3,772.83,4,4,3,Champions,0.25,3,1,False
16862,182,4,662.33,1,4,3,At Risk,0.0,4,0,False
16863,1,2,495.72,5,3,2,Loyal,0.0,2,0,False
16864,69,2,409.25,3,3,2,Loyal,0.0,2,0,False
16865,36,1,130.95,3,2,1,Potential,0.0,1,0,False
16867,324,1,76.74000000000001,1,2,1,Lost,0.0,1,0,False
16868,29,3,384.56,4,4,2,Champions,0.0,3,0,True
16870,104,1,450.15999999999997,2,2,2,Lost,0.0,1,0,False
16872,62,3,533.11,3,4,3,Loyal,0.0,3,0,False
16873,64,6,7493.77,3,5,5,Loyal,0.14285714285714285,6,1,False
16874,14,1,209.89000000000001,5,2,1,Potential,0.0,1,0,False
16875,72,6,2139.0,2,5,5,At Risk,0.45454545454545453,6,5,False
16876,38,1,136.01,3,2,1,Potential,0.0,1,0,False
16880,128,1,321.78,2,2,2,Lost,0.0,1,0,False
16883,6,18,2101.61,5,5,4,Champions,0.05263157894736842,18,1,True
16884,191,2,641.13,1,3,3,At Risk,0.0,2,0,False
16885,20,1,232.94,4,2,1,Potential,0.0,1,0,False
16886,91,1,134.0,2,2,1,Lost,0.5,1,1,False
16887,35,2,465.84000000000003,4,3,2,Loyal,0.0,2,0,False
16888,35,3,434.2,4,4,2,Champions,0.0,3,0,True
16889,32,3,947.98,4,4,3,Champions,0.0,3,0,True
16890,111,3,277.91,2,4,2,At Risk,0.0,3,0,False
16891,6,7,1202.77,5,5,4,Champions,0.0,7,0,True
16892,189,2,236.56,1,3,1,At Risk,0.0,2,0,False
16893,1,2,249.47,5,3,1,Loyal,0.0,2,0,False
16894,137,3,1306.96,2,4,4,At Risk,0.4,3,2,False
16895,73,4,900.63,2,4,3,At Risk,0.0,4,0,False
16896,190,1,103.95,1,2,1,Lost,0.0,1,0,False
16898,3,3,496.26,5,4,2,Champions,0.25,3,1,False
16899,13,2,424.71000000000004,5,3,2,Loyal,0.0,2,0,False
16901,364,1,204.26,1,2,1,Lost,0.0,1,0,False
16903,15,2,678.55,4,3,3,Loyal,0.3333333333333333,2,1,False
16904,2,7,1360.31,5,5,4,Champions,0.0,7,0,True
16905,6,11,1921.07,5,5,4,Champions,0.15384615384615385,11,2,True
16906,63,3,850.48,3,4,3,Loyal,0.0,3,0,False
16907,0,5,722.0500000000001,5,4,3,Champions,0.0,5,0,True
16908,357,1,252.59,1,2,2,Lost,0.5,1,1,False
16911,270,2,255.25,1,3,2,At Risk,0.3333333333333333,2,1,False
16912,56,4,1904.93,3,4,4,Loyal,0.0,4,0,False
16913,286,2,310.46999999999997,1,3,2,At Risk,0.0,2,0,False
16915,21,5,921.5,4,4,3,Champions,0.0,5,0,True
16916,7,3,530.14,5,4,3,Champions,0.0,3,0,True
16917,267,1,1460.3600000000001,1,2,4,Lost,0.5,1,1,False
16918,57,10,2137.72,3,5,4,Loyal,0.16666666666666666,10,2,False
16919,3,14,2515.76,5,5,5,Champions,0.2222222222222222,14,4,False
16920,46,1,355.45,3,2,2,Potential,0.0,1,0,False
16921,77,2,255.03,2,3,2,At Risk,0.0,2,0,False
16922,207,1,611.08,1,2,3,Lost,0.0,1,0,False
16923,10,13,6088.05,5,5,5,Champions,0.13333333333333333,13,2,True
16925,175,1,125.65,2,2,1,Lost,0.0,1,0,False
16926,6,5,1169.6100000000001,5,4,4,Champions,0.16666666666666666,5,1,True
16928,8,12,1137.58,5,5,4,Champions,0.14285714285714285,12,2,True
16931,4,3,629.4,5,4,3,Champions,0.0,3,0,True
16932,58,2,262.32,3,3,2,Loyal,0.0,2,0,False
16933,24,7,2536.07,4,5,5,Champions,0.36363636363636365,7,4,False
16934,18,4,1152.1100000000001,4,4,4,Champions,0.2,4,1,False
16935,16,3,530.86,4,4,3,Champions,0.0,3,0,True
16936,20,1,286.39,4,2,2,Potential,0.0,1,0,False
16937,134,1,196.25,2,2,1,Lost,0.0,1,0,False
16938,16,5,4283.68,4,4,5,Champions,0.0,5,0,True
16939,123,3,433.85,2,4,2,At Risk,0.0,3,0,False
16940,85,5,3377.78,2,4,5,At Risk,0.375,5,3,False
16941,246,1,33.0,1,2,1,Lost,0.0,1,0,False
16944,244,1,101.36,1,2,1,Lost,0.0,1,0,False
16945,28,14,4202.66,4,5,5,Champions,0.125,14,2,True
16946,18,5,1222.04,4,4,4,Champions,0.16666666666666666,5,1,True
16947,97,3,540.23,2,4,3,At Risk,0.5714285714285714,3,4,False
16948,64,4,433.75,3,4,2,Loyal,0.0,4,0,False
16950,2,8,2527.21,5,5,5,Champions,0.1111111111111111,8,1,True
16952,76,3,628.22,2,4,3,At Risk,0.0,3,0,False
16954,14,11,3996.7999999999997,5,5,5,Champions,0.08333333333333333,11,1,True
16955,3,4,790.74,5,4,3,Champions,0.3333333333333333,4,2,False
16958,70,1,778.49,2,2,3,Lost,0.0,1,0,False
16960,25,5,1483.83,4,4,4,Champions,0.16666666666666666,5,1,True
16961,23,2,560.39,4,3,3,Loyal,0.6,2,3,False
16962,44,1,251.04,3,2,2,Potential,0.0,1,0,False
16964,368,2,207.85,1,3,1,At Risk,0.0,2,0,False
16970,261,1,71.4,1,2,1,Lost,0.0,1,0,False
16972,17,2,749.0,4,3,3,Loyal,0.0,2,0,False
16973,21,1,127.0,4,2,1,Potential,0.0,1,0,False
16974,157,2,365.5,2,3,2,At Risk,0.0,2,0,False
16975,58,3,926.12,3,4,3,Loyal,0.4,3,2,False
16977,30,4,496.0,4,4,2,Champions,0.0,4,0,True
16978,301,2,424.55,1,3,2,At Risk,0.0,2,0,False
16979,18,3,1007.74,4,4,4,Champions,0.25,3,1,False
16980,63,1,394.37,3,2,2,Potential,0.0,1,0,False
16983,4,5,1748.15,5,4,4,Champions,0.0,5,0,True
16984,39,7,5891.01,3,5,5,Loyal,0.5,7,7,False
16985,11,13,5459.04,5,5,5,Champions,0.13333333333333333,13,2,True
16986,80,9,3015.55,2,5,5,At Risk,0.0,9,0,False
16987,11,4,882.65,5,4,3,Champions,0.2,4,1,False
16988,14,1,256.55,5,2,2,Potential,0.0,1,0,False
16990,57,1,165.0,3,2,1,Potential,0.0,1,0,False
16991,56,1,1041.21,3,2,4,Potential,0.0,1,0,False
16992,22,8,3862.19,4,5,5,Champions,0.1111111111111111,8,1,True
16993,98,2,1950.9499999999998,2,3,4,At Risk,0.3333333333333333,2,1,False
16996,17,3,666.6500000000001,4,4,3,Champions,0.25,3,1,False
16998,79,1,107.0,2,2,1,Lost,0.0,1,0,False
17000,31,2,406.3,4,3,2,Loyal,0.0,2,0,False
17001,11,8,2651.23,5,5,5,Champions,0.0,8,0,True
17002,78,4,1077.82,2,4,4,At Risk,0.0,4,0,False
17003,37,4,828.21,3,4,3,Loyal,0.0,4,0,False
17004,27,2,1012.22,4,3,4,Loyal,0.0,2,0,False
17005,105,2,622.36,2,3,3,At Risk,0.3333333333333333,2,1,False
17006,27,4,853.49,4,4,3,Champions,0.0,4,0,True
17007,72,1,230.17000000000002,2,2,1,Lost,0.0,1,0,False
17008,64,1,81.36,3,2,1,Potential,0.0,1,0,False
17009,186,1,242.06,1,2,1,Lost,0.0,1,0,False
17011,282,2,400.8,1,3,2,At Risk,0.3333333333333333,2,1,False
17012,360,1,360.61,1,2,2,Lost,0.0,1,0,False
17016,211,1,552.4,1,2,3,Lost,0.0,1,0,False
17017,0,13,5416.349999999999,5,5,5,Champions,0.23529411764705882,13,4,False
17018,22,4,1367.6,4,4,4,Champions,0.0,4,0,True
17019,3,8,2687.73,5,5,5,Champions,0.2,8,2,False
17020,177,2,935.62,1,3,3,At Risk,0.0,2,0,False
17021,77,6,1182.22,2,5,4,At Risk,0.0,6,0,False
17022,67,1,189.0,3,2,1,Potential,0.0,1,0,False
17023,52,3,800.18,3,4,3,Loyal,0.0,3,0,False
17025,8,4,1152.87,5,4,4,Champions,0.0,4,0,True
17026,4,2,54.15,5,3,1,Loyal,0.0,2,0,False
17027,81,3,433.07,2,4,2,At Risk,0.0,3,0,False
17028,216,3,1593.83,1,4,4,At Risk,0.0,3,0,False
17029,17,5,1421.3,4,4,4,Champions,0.0,5,0,True
17031,13,4,2393.5,5,4,5,Champions,0.0,4,0,True
17032,182,7,2969.32,1,5,5,At Risk,0.36363636363636365,7,4,False
17033,32,1,302.65000000000003,4,2,2,Potential,0.0,1,0,False
17034,44,2,530.9,3,3,3,Loyal,0.3333333333333333,2,1,False
17035,226,2,180.06,1,3,1,At Risk,0.0,2,0,False
17036,18,1,176.9,4,2,1,Potential,0.0,1,0,False
17038,50,1,630.77,3,2,3,Potential,0.0,1,0,False
17039,239,1,1954.99,1,2,4,Lost,0.0,1,0,False
17040,185,1,13.52,1,2,1,Lost,0.0,1,0,False
17041,32,3,583.71,4,4,3,Champions,0.0,3,0,True
17043,10,4,858.47,5,4,3,Champions,0.0,4,0,True
17044,9,11,11013.82,5,5,5,Champions,0.15384615384615385,11,2,True
17045,11,2,488.24,5,3,2,Loyal,0.0,2,0,False
17046,79,4,1264.05,2,4,4,At Risk,0.0,4,0,False
17047,66,3,1188.33,3,4,4,Loyal,0.0,3,0,False
17048,72,4,1146.33,2,4,4,At Risk,0.2,4,1,False
17049,10,10,4287.5,5,5,5,Champions,0.2857142857142857,10,4,False
17050,10,5,1462.95,5,4,4,Champions,0.16666666666666666,5,1,True
17051,81,3,465.6,2,4,2,At Risk,0.0,3,0,False
17055,80,1,232.85,2,2,1,Lost,0.0,1,0,False
17056,373,1,128.60000000000002,1,2,1,Lost,0.0,1,0,False
17057,231,1,288.79,1,2,2,Lost,0.0,1,0,False
17059,4,5,2506.54,5,4,5,Champions,0.16666666666666666,5,1,True
17062,0,4,640.77,5,4,3,Champions,0.0,4,0,True
17063,42,6,2177.39,3,5,5,Loyal,0.5,6,6,False
17065,272,2,194.7,1,3,1,At Risk,0.0,2,0,False
17066,361,1,228.34,1,2,1,Lost,0.0,1,0,False
17067,359,3,454.54,1,4,2,At Risk,0.0,3,0,False
17068,3,27,4594.19,5,5,5,Champions,0.03571428571428571,27,1,True
17069,8,6,3084.58,5,5,5,Champions,0.3333333333333333,6,3,False
17070,45,1,133.18,3,2,1,Potential,0.0,1,0,False
17071,16,4,1364.68,4,4,4,Champions,0.3333333333333333,4,2,False
17072,260,1,273.35,1,2,2,Lost,0.0,1,0,False
17074,197,1,203.05,1,2,1,Lost,0.0,1,0,False
17075,64,6,1402.51,3,5,4,Loyal,0.0,6,0,False
17076,27,3,401.66999999999996,4,4,2,Champions,0.0,3,0,True
17077,213,1,306.0,1,2,2,Lost,0.0,1,0,False
17080,14,5,669.91,5,4,3,Champions,0.0,5,0,True
17081,30,4,660.48,4,4,3,Champions,0.0,4,0,True
17082,29,4,2728.18,4,4,5,Champions,0.0,4,0,True
17083,44,6,2644.01,3,5,5,Loyal,0.25,6,2,False
17084,31,1,2253.22,4,2,5,Potential,0.5,1,1,False
17085,11,23,6276.87,5,5,5,Champions,0.11538461538461539,23,3,True
17087,372,1,221.53,1,2,1,Lost,0.0,1,0,False
17089,21,1,128.45,4,2,1,Potential,0.0,1,0,False
17090,9,6,1105.53,5,5,4,Champions,0.14285714285714285,6,1,True
17091,2,11,3961.44,5,5,5,Champions,0.21428571428571427,11,3,False
17092,72,7,3737.38,2,5,5,At Risk,0.3,7,3,False
17093,227,1,235.88,1,2,1,Lost,0.0,1,0,False
17094,58,1,100.2,3,2,1,Potential,0.0,1,0,False
17095,65,4,1248.09,3,4,4,Loyal,0.3333333333333333,4,2,False
17096,18,7,2675.8,4,5,5,Champions,0.3,7,3,False
17097,0,2,363.66,5,3,2,Loyal,0.0,2,0,False
17098,16,3,591.0699999999999,4,4,3,Champions,0.0,3,0,True
17099,168,1,582.17,2,2,3,Lost,0.0,1,0,False
17101,29,3,885.3199999999999,4,4,3,Champions,0.0,3,0,True
17103,357,1,424.3,1,2,2,Lost,0.0,1,0,False
17104,58,1,474.03,3,2,2,Potential,0.0,1,0,False
17106,24,1,481.58,4,2,2,Potential,0.0,1,0,False
17107,32,4,5255.24,4,4,5,Champions,0.3333333333333333,4,2,False
17108,298,1,174.95,1,2,1,Lost,0.0,1,0,False
17109,41,2,410.42,3,3,2,Loyal,0.0,2,0,False
17110,155,2,336.59999999999997,2,3,2,At Risk,0.0,2,0,False
17111,60,1,227.97,3,2,1,Potential,0.0,1,0,False
17112,137,1,197.57,2,2,1,Lost,0.0,1,0,False
17113,209,6,2305.59,1,5,5,At Risk,0.25,6,2,False
17115,183,4,1923.99,1,4,4,At Risk,0.5,4,4,False
17116,283,1,389.78,1,2,2,Lost,0.0,1,0,False
17121,37,1,314.74,3,2,2,Potential,0.0,1,0,False
17122,23,3,432.18,4,4,2,Champions,0.0,3,0,True
17123,74,2,621.37,2,3,3,At Risk,0.0,2,0,False
17126,16,4,1019.48,4,4,4,Champions,0.0,4,0,True
17127,63,5,1155.0300000000002,3,4,4,Loyal,0.0,5,0,False
17129,155,1,31.85,2,2,1,Lost,0.0,1,0,False
17132,87,2,1220.9099999999999,2,3,4,At Risk,0.0,2,0,False
17133,109,5,9730.09,2,4,5,At Risk,0.16666666666666666,5,1,False
17134,77,1,212.1,2,2,1,Lost,0.0,1,0,False
17135,6,4,792.23,5,4,3,Champions,0.2,4,1,False
17136,297,1,231.68,1,2,1,Lost,0.0,1,0,False
17137,51,6,1099.81,3,5,4,Loyal,0.0,6,0,False
17138,24,6,4036.77,4,5,5,Champions,0.0,6,0,True
17139,24,13,8915.99,4,5,5,Champions,0.07142857142857142,13,1,True
17141,53,4,727.58,3,4,3,Loyal,0.0,4,0,False
17142,39,3,696.25,3,4,3,Loyal,0.0,3,0,False
17143,52,2,880.97,3,3,3,Loyal,0.0,2,0,False
17145,147,4,3120.91,2,4,5,At Risk,0.42857142857142855,4,3,False
17146,70,10,5102.86,2,5,5,At Risk,0.23076923076923078,10,3,False
17147,87,5,1485.36,2,4,4,At Risk,0.5,5,5,False
17149,86,1,143.10000000000002,2,2,1,Lost,0.0,1,0,False
17150,11,6,1357.95,5,5,4,Champions,0.0,6,0,True
17151,370,1,231.90000000000003,1,2,1,Lost,0.0,1,0,False
17152,60,1,327.0,3,2,2,Potential,0.0,1,0,False
17155,162,5,640.76,2,4,3,At Risk,0.0,5,0,False
17156,126,1,591.87,2,2,3,Lost,0.5,1,1,False
17157,115,17,4832.9,2,5,5,At Risk,0.0,17,0,False
17158,182,2,713.03,1,3,3,At Risk,0.3333333333333333,2,1,False
17159,112,2,560.71,2,3,3,At Risk,0.0,2,0,False
17160,9,11,6691.13,5,5,5,Champions,0.08333333333333333,11,1,True
17161,79,1,856.01,2,2,3,Lost,0.0,1,0,False
17163,80,2,406.68,2,3,2,At Risk,0.0,2,0,False
17165,16,5,1635.64,4,4,4,Champions,0.2857142857142857,5,2,False
17167,14,3,867.11,5,4,3,Champions,0.0,3,0,True
17168,133,1,400.2,2,2,2,Lost,0.0,1,0,False
17169,213,1,320.95,1,2,2,Lost,0.5,1,1,False
17170,9,2,178.68,5,3,1,Loyal,0.3333333333333333,2,1,False
17171,296,1,159.68,1,2,1,Lost,0.0,1,0,False
17172,65,2,638.81,3,3,3,Loyal,0.5,2,2,False
17176,161,2,596.1899999999999,2,3,3,At Risk,0.0,2,0,False
17177,140,1,119.5,2,2,1,Lost,0.0,1,0,False
17178,366,1,432.96,1,2,2,Lost,0.0,1,0,False
17179,17,3,795.47,4,4,3,Champions,0.0,3,0,True
17180,57,7,1452.8,3,5,4,Loyal,0.125,7,1,False
17181,8,2,225.45000000000002,5,3,1,Loyal,0.0,2,0,False
17182,57,2,321.3,3,3,2,Loyal,0.0,2,0,False
17184,204,2,198.41000000000003,1,3,1,At Risk,0.0,2,0,False
17185,226,3,229.46,1,4,1,At Risk,0.0,3,0,False
17187,161,1,263.76,2,2,2,Lost,0.0,1,0,False
17188,81,6,2118.7000000000003,2,5,4,At Risk,0.25,6,2,False
17189,195,3,569.88,1,4,3,At Risk,0.0,3,0,False
17190,38,5,1279.99,3,4,4,Loyal,0.0,5,0,False
17191,3,11,2726.77,5,5,5,Champions,0.08333333333333333,11,1,True
17192,171,1,75.28,2,2,1,Lost,0.0,1,0,False
17193,21,2,610.74,4,3,3,Loyal,0.3333333333333333,2,1,False
17194,165,1,549.88,2,2,3,Lost,0.0,1,0,False
17195,290,1,562.98,1,2,3,Lost,0.0,1,0,False
17196,62,1,327.75,3,2,2,Potential,0.0,1,0,False
17198,0,2,521.66,5,3,3,Loyal,0.0,2,0,False
17199,217,1,135.04000000000002,1,2,1,Lost,0.0,1,0,False
17200,22,4,356.71,4,4,2,Champions,0.0,4,0,True
17201,158,3,842.8199999999999,2,4,3,At Risk,0.25,3,1,False
17202,55,1,160.65,3,2,1,Potential,0.0,1,0,False
17203,23,4,2004.01,4,4,4,Champions,0.0,4,0,True
17204,9,5,3940.13,5,4,5,Champions,0.16666666666666666,5,1,True
17205,51,2,615.27,3,3,3,Loyal,0.0,2,0,False
17207,287,1,291.77,1,2,2,Lost,0.0,1,0,False
17208,30,1,111.15,4,2,1,Potential,0.0,1,0,False
17209,284,3,595.7,1,4,3,At Risk,0.0,3,0,False
17210,27,1,251.72,4,2,2,Potential,0.0,1,0,False
17211,4,6,1729.43,5,5,4,Champions,0.14285714285714285,6,1,True
17212,93,2,567.5600000000001,2,3,3,At Risk,0.0,2,0,False
17213,1,7,2401.07,5,5,5,Champions,0.3,7,3,False
17215,99,1,186.15,2,2,1,Lost,0.0,1,0,False
17216,189,1,63.6,1,2,1,Lost,0.0,1,0,False
17217,254,1,96.6,1,2,1,Lost,0.0,1,0,False
17218,3,9,2224.96,5,5,5,Champions,0.0,9,0,True
17219,51,1,144.9,3,2,1,Potential,0.0,1,0,False
17220,52,7,1263.86,3,5,4,Loyal,0.0,7,0,False
17221,226,3,642.14,1,4,3,At Risk,0.0,3,0,False
17222,112,5,1234.96,2,4,4,At Risk,0.0,5,0,False
17223,3,2,398.99,5,3,2,Loyal,0.0,2,0,False
17224,136,1,100.86,2,2,1,Lost,0.0,1,0,False
17225,216,1,131.15,1,2,1,Lost,0.0,1,0,False
17226,79,2,501.97999999999996,2,3,3,At Risk,0.0,2,0,False
17227,3,7,1081.8600000000001,5,5,4,Champions,0.0,7,0,True
17228,2,7,1269.8899999999999,5,5,4,Champions,0.0,7,0,True
17230,198,10,5750.08,1,5,5,At Risk,0.16666666666666666,10,2,False
17231,24,15,3940.08,4,5,5,Champions,0.2857142857142857,15,6,False
17233,83,2,369.98,2,3,2,At Risk,0.0,2,0,False
17235,7,7,1354.82,5,5,4,Champions,0.0,7,0,True
17236,45,6,1013.13,3,5,4,Loyal,0.0,6,0,False
17237,10,2,679.44,5,3,3,Loyal,0.0,2,0,False
17238,6,17,3982.16,5,5,5,Champions,0.0,17,0,True
17239,22,3,806.95,4,4,3,Champions,0.25,3,1,False
17240,231,1,130.6,1,2,1,Lost,0.0,1,0,False
17241,20,12,2736.64,4,5,5,Champions,0.0,12,0,True
17242,91,3,1754.24,2,4,4,At Risk,0.0,3,0,False
17243,4,44,11909.93,5,5,5,Champions,0.13725490196078433,44,7,True
17244,18,4,871.14,4,4,3,Champions,0.0,4,0,True
17245,324,1,200.18,1,2,1,Lost,0.0,1,0,False
17246,181,2,38.92,1,3,1,At Risk,0.0,2,0,False
17248,116,1,181.89000000000001,2,2,1,Lost,0.0,1,0,False
17249,63,1,68.03,3,2,1,Potential,0.0,1,0,False
17251,17,2,529.15,4,3,3,Loyal,0.3333333333333333,2,1,False
17254,36,1,198.29,3,2,1,Potential,0.0,1,0,False
17255,25,2,490.21999999999997,4,3,2,Loyal,0.0,2,0,False
17256,116,3,258.93,2,4,2,At Risk,0.0,3,0,False
17257,71,2,189.78,2,3,1,At Risk,0.0,2,0,False
17258,31,2,417.3,4,3,2,Loyal,0.0,2,0,False
17259,3,5,1239.11,5,4,4,Champions,0.0,5,0,True
17260,46,1,120.95,3,2,1,Potential,0.0,1,0,False
17261,144,1,221.59,2,2,1,Lost,0.0,1,0,False
17262,1,7,1504.26,5,5,4,Champions,0.0,7,0,True
17264,59,1,268.28,3,2,2,Potential,0.0,1,0,False
17266,134,2,205.14,2,3,1,At Risk,0.0,2,0,False
17268,80,7,970.25,2,5,3,At Risk,0.0,7,0,False
17269,20,1,491.81,4,2,2,Potential,0.0,1,0,False
17270,104,2,601.4499999999999,2,3,3,At Risk,0.0,2,0,False
17271,371,1,204.3,1,2,1,Lost,0.0,1,0,False
17273,59,1,141.12,3,2,1,Potential,0.0,1,0,False
17274,30,1,465.4,4,2,2,Potential,0.0,1,0,False
17275,18,1,114.1,4,2,1,Potential,0.0,1,0,False
17276,37,1,501.24,3,2,3,Potential,0.5,1,1,False
17278,200,1,25.2,1,2,1,Lost,0.0,1,0,False
17280,73,1,118.85999999999999,2,2,1,Lost,0.0,1,0,False
17281,9,6,797.8499999999999,5,5,3,Champions,0.0,6,0,True
17282,91,2,623.08,2,3,3,At Risk,0.0,2,0,False
17283,13,1,188.46,5,2,1,Potential,0.0,1,0,False
17284,24,1,911.12,4,2,3,Potential,0.0,1,0,False
17285,263,2,400.44,1,3,2,At Risk,0.0,2,0,False
17286,35,2,237.81,4,3,1,Loyal,0.0,2,0,False
17287,2,16,3000.5,5,5,5,Champions,0.1111111111111111,16,2,True
17288,25,4,1050.8,4,4,4,Champions,0.0,4,0,True
17289,11,6,1110.78,5,5,4,Champions,0.14285714285714285,6,1,True
17290,16,6,914.47,4,5,3,Champions,0.0,6,0,True
17292,107,2,271.75,2,3,2,At Risk,0.0,2,0,False
17293,29,8,1896.57,4,5,4,Champions,0.0,8,0,True
17294,304,2,467.78999999999996,1,3,2,At Risk,0.0,2,0,False
17296,365,1,338.13,1,2,2,Lost,0.0,1,0,False
17298,9,3,439.94,5,4,2,Champions,0.25,3,1,False
17299,74,2,336.62,2,3,2,At Risk,0.0,2,0,False
17300,25,2,393.64,4,3,2,Loyal,0.0,2,0,False
17301,259,1,131.15,1,2,1,Lost,0.0,1,0,False
17304,169,1,111.5,2,2,1,Lost,0.0,1,0,False
17305,283,1,2135.46,1,2,4,Lost,0.0,1,0,False
17306,28,2,1151.04,4,3,4,Loyal,0.0,2,0,False
17307,30,11,3999.8900000000003,4,5,5,Champions,0.26666666666666666,11,4,False
17308,28,2,4511.76,4,3,5,Loyal,0.0,2,0,False
17309,16,2,237.64000000000001,4,3,1,Loyal,0.0,2,0,False
17310,22,2,1025.1,4,3,4,Loyal,0.0,2,0,False
17311,27,4,2181.71,4,4,5,Champions,0.2,4,1,False
17314,28,9,2376.51,4,5,5,Champions,0.18181818181818182,9,2,True
17315,10,5,3318.35,5,4,5,Champions,0.16666666666666666,5,1,True
17316,55,1,124.45,3,2,1,Potential,0.0,1,0,False
17318,360,1,157.32999999999998,1,2,1,Lost,0.0,1,0,False
17319,304,1,29.1,1,2,1,Lost,0.0,1,0,False
17320,3,4,1695.15,5,4,4,Champions,0.0,4,0,True
17321,29,4,1008.05,4,4,4,Champions,0.0,4,0,True
17322,11,5,922.59,5,4,3,Champions,0.2857142857142857,5,2,False
17323,42,5,644.52,3,4,3,Loyal,0.0,5,0,False
17324,1,9,1311.64,5,5,4,Champions,0.1,9,1,True
17325,45,2,512.77,3,3,3,Loyal,0.0,2,0,False
17326,43,2,312.35,3,3,2,Loyal,0.0,2,0,False
17327,44,2,152.35,3,3,1,Loyal,0.0,2,0,False
17328,308,1,104.7,1,2,1,Lost,0.0,1,0,False
17329,366,3,475.42,1,4,2,At Risk,0.0,3,0,False
17330,179,2,59.900000000000006,1,3,1,At Risk,0.0,2,0,False
17332,163,5,827.77,2,4,3,At Risk,0.0,5,0,False
17334,41,1,328.13,3,2,2,Potential,0.0,1,0,False
17335,18,2,497.04,4,3,2,Loyal,0.0,2,0,False
17336,107,1,81.12,2,2,1,Lost,0.0,1,0,False
17338,10,9,5395.79,5,5,5,Champions,0.1,9,1,True
17339,0,2,119.0,5,3,1,Loyal,0.3333333333333333,2,1,False
17340,1,8,9935.93,5,5,5,Champions,0.5,8,8,False
17341,1,3,1006.53,5,4,4,Champions,0.0,3,0,True
17342,14,4,1227.54,5,4,4,Champions,0.42857142857142855,4,3,False
17343,11,5,1066.3,5,4,4,Champions,0.0,5,0,True
17344,363,1,299.74,1,2,2,Lost,0.5,1,1,False
17345,10,6,1066.94,5,5,4,Champions,0.25,6,2,False
17346,8,12,2502.64,5,5,5,Champions,0.0,12,0,True
17348,72,4,1274.39,2,4,4,At Risk,0.0,4,0,False
17349,15,4,674.16,4,4,3,Champions,0.0,4,0,True
17350,29,3,612.381,4,4,3,Champions,0.0,3,0,True
17351,62,9,1377.23,3,5,4,Loyal,0.0,9,0,False
17352,331,1,36.25,1,2,1,Lost,0.0,1,0,False
17353,126,2,1502.0,2,3,4,At Risk,0.6,2,3,False
17354,63,3,1740.8999999999999,3,4,4,Loyal,0.0,3,0,False
17355,21,1,273.31,4,2,2,Potential,0.0,1,0,False
17356,189,4,768.25,1,4,3,At Risk,0.0,4,0,False
17358,11,3,500.2,5,4,3,Champions,0.0,3,0,True
17359,283,1,156.6,1,2,1,Lost,0.0,1,0,False
17360,20,3,632.27,4,4,3,Champions,0.25,3,1,False
17361,311,2,383.59000000000003,1,3,2,At Risk,0.0,2,0,False
17362,35,5,711.8100000000001,4,4,3,Champions,0.16666666666666666,5,1,True
17363,30,3,920.46,4,4,3,Champions,0.0,3,0,True
17364,11,17,7510.24,5,5,5,Champions,0.10526315789473684,17,2,True
17365,21,7,3417.13,4,5,5,Champions,0.125,7,1,True
17366,67,2,1077.24,3,3,4,Loyal,0.3333333333333333,2,1,False
17368,10,6,879.42,5,5,3,Champions,0.14285714285714285,6,1,True
17369,90,1,979.1999999999999,2,2,3,Lost,0.0,1,0,False
17371,258,3,232.97,1,4,1,At Risk,0.0,3,0,False
17372,16,19,2979.28,4,5,5,Champions,0.13636363636363635,19,3,True
17373,53,3,520.58,3,4,3,Loyal,0.0,3,0,False
17374,30,1,231.34,4,2,1,Potential,0.5,1,1,False
17375,66,1,260.45,3,2,2,Potential,0.0,1,0,False
17376,39,2,250.44,3,3,2,Loyal,0.0,2,0,False
17377,0,60,14169.210000000001,5,5,5,Champions,0.16666666666666666,60,12,True
17378,9,1,10.95,5,2,1,Potential,0.5,1,1,False
17380,69,3,645.0,3,4,3,Loyal,0.25,3,1,False
17381,3,12,19726.76,5,5,5,Champions,0.0,12,0,True
17382,70,7,836.88,2,5,3,At Risk,0.0,7,0,False
17383,88,1,110.69999999999999,2,2,1,Lost,0.0,1,0,False
17384,102,1,171.15,2,2,1,Lost,0.0,1,0,False
17386,20,1,126.35000000000001,4,2,1,Potential,0.0,1,0,False
17388,55,7,1415.81,3,5,4,Loyal,0.0,7,0,False
17389,9,27,25381.65,5,5,5,Champions,0.20588235294117646,27,7,False
17390,55,1,149.3,3,2,1,Potential,0.0,1,0,False
17392,85,1,168.65,2,2,1,Lost,0.0,1,0,False
17393,45,2,381.15,3,3,2,Loyal,0.0,2,0,False
17395,143,1,97.5,2,2,1,Lost,0.0,1,0,False
17396,6,7,1476.3,5,5,4,Champions,0.2222222222222222,7,2,False
17397,51,1,516.87,3,2,3,Potential,0.0,1,0,False
17400,216,3,2525.44,1,4,5,At Risk,0.0,3,0,False
17401,176,1,114.85,1,2,1,Lost,0.0,1,0,False
17402,4,12,2461.68,5,5,5,Champions,0.2,12,3,False
17403,85,1,118.95,2,2,1,Lost,0.0,1,0,False
17404,44,8,15874.3,3,5,5,Loyal,0.2,8,2,False
17406,1,11,2704.63,5,5,5,Champions,0.21428571428571427,11,3,False
17407,46,1,552.9,3,2,3,Potential,0.0,1,0,False
17408,135,2,283.44000000000005,2,3,2,At Risk,0.3333333333333333,2,1,False
17409,56,8,7021.66,3,5,5,Loyal,0.0,8,0,False
17411,21,2,646.44,4,3,3,Loyal,0.6666666666666666,2,4,False
17412,7,10,3159.46,5,5,5,Champions,0.23076923076923078,10,3,False
17413,39,2,560.14,3,3,3,Loyal,0.0,2,0,False
17414,58,4,1471.52,3,4,4,Loyal,0.0,4,0,False
17416,28,15,10405.03,4,5,5,Champions,0.0625,15,1,True
17417,183,1,164.18,1,2,1,Lost,0.0,1,0,False
17418,22,1,206.60000000000002,4,2,1,Potential,0.0,1,0,False
17419,2,8,2273.95,5,5,5,Champions,0.0,8,0,True
17420,8,4,485.6,5,4,2,Champions,0.3333333333333333,4,2,False
17421,21,3,1059.41,4,4,4,Champions,0.0,3,0,True
17422,16,5,1615.39,4,4,4,Champions,0.5,5,5,False
17423,28,1,420.54,4,2,2,Potential,0.0,1,0,False
17426,87,7,3040.51,2,5,5,At Risk,0.3,7,3,False
17428,3,18,14562.91,5,5,5,Champions,0.05263157894736842,18,1,True
17429,31,2,832.54,4,3,3,Loyal,0.3333333333333333,2,1,False
17430,0,3,469.40999999999997,5,4,2,Champions,0.0,3,0,True
17432,20,7,1363.23,4,5,4,Champions,0.0,7,0,True
17433,20,1,266.8,4,2,2,Potential,0.0,1,0,False
17435,46,1,331.35,3,2,2,Potential,0.0,1,0,False
17436,43,3,317.76,3,4,2,Loyal,0.4,3,2,False
17437,164,1,369.68,2,2,2,Lost,0.0,1,0,False
17438,79,4,1034.32,2,4,4,At Risk,0.0,4,0,False
17439,290,1,325.74,1,2,2,Lost,0.0,1,0,False
17440,184,1,137.16,1,2,1,Lost,0.0,1,0,False
17441,367,1,293.35,1,2,2,Lost,0.0,1,0,False
17442,16,9,2371.74,4,5,5,Champions,0.35714285714285715,9,5,False
17448,132,46,14523.67,2,5,5,At Risk,0.1320754716981132,46,7,False
17449,22,6,2348.94,4,5,5,Champions,0.0,6,0,True
17450,2,7,52422.3,5,5,5,Champions,0.125,7,1,True
17454,97,6,1030.41,2,5,4,At Risk,0.14285714285714285,6,1,False
17456,0,2,975.5600000000001,5,3,3,Loyal,0.0,2,0,False
17457,14,9,4247.11,5,5,5,Champions,0.3076923076923077,9,4,False
17458,16,1,213.08,4,2,1,Potential,0.0,1,0,False
17460,7,12,1605.8400000000001,5,5,4,Champions,0.2,12,3,False
17463,195,2,659.4,1,3,3,At Risk,0.3333333333333333,2,1,False
17464,157,2,617.1800000000001,2,3,3,At Risk,0.3333333333333333,2,1,False
17465,60,7,2542.79,3,5,5,Loyal,0.2222222222222222,7,2,False
17467,30,1,102.6,4,2,1,Potential,0.0,1,0,False
17468,10,1,57.8,5,2,1,Potential,0.0,1,0,False
17469,35,12,3180.28,4,5,5,Champions,0.25,12,4,False
17470,2,7,1679.8,5,5,4,Champions,0.0,7,0,True
17471,109,1,321.65000000000003,2,2,2,Lost,0.0,1,0,False
17472,263,1,224.81,1,2,1,Lost,0.0,1,0,False
17473,43,2,607.0,3,3,3,Loyal,0.3333333333333333,2,1,False
17474,234,1,1047.0,1,2,4,Lost,0.0,1,0,False
17476,30,2,489.86,4,3,2,Loyal,0.5,2,2,False
17477,247,2,1144.3,1,3,4,At Risk,0.6,2,3,False
17478,43,2,1272.8,3,3,4,Loyal,0.0,2,0,False
17479,267,1,389.26000000000005,1,2,2,Lost,0.0,1,0,False
17480,79,1,370.40999999999997,2,2,2,Lost,0.0,1,0,False
17482,122,2,775.64,2,3,3,At Risk,0.0,2,0,False
17483,49,1,177.69,3,2,1,Potential,0.0,1,0,False
17484,211,2,209.57,1,3,1,At Risk,0.0,2,0,False
17487,363,1,160.55,1,2,1,Lost,0.0,1,0,False
17488,276,1,336.5,1,2,2,Lost,0.0,1,0,False
17490,23,2,658.18,4,3,3,Loyal,0.0,2,0,False
17491,2,8,2422.2000000000003,5,5,5,Champions,0.0,8,0,True
17492,113,2,747.85,2,3,3,At Risk,0.0,2,0,False
17493,20,1,100.91000000000001,4,2,1,Potential,0.0,1,0,False
17494,136,1,54.699999999999996,2,2,1,Lost,0.0,1,0,False
17495,25,1,309.16,4,2,2,Potential,0.5,1,1,False
17496,198,3,1141.84,1,4,4,At Risk,0.25,3,1,False
17497,25,2,287.25,4,3,2,Loyal,0.0,2,0,False
17499,196,1,718.51,1,2,3,Lost,0.5,1,1,False
17504,15,9,6493.14,4,5,5,Champions,0.0,9,0,True
17505,185,3,1289.64,1,4,4,At Risk,0.0,3,0,False
17508,16,7,4191.92,4,5,5,Champions,0.125,7,1,True
17510,55,1,206.07999999999998,3,2,1,Potential,0.0,1,0,False
17511,2,31,84541.17,5,5,5,Champions,0.2619047619047619,31,11,False
17512,87,8,2542.83,2,5,5,At Risk,0.1111111111111111,8,1,False
17513,43,2,645.6,3,3,3,Loyal,0.0,2,0,False
17514,304,1,313.35,1,2,2,Lost,0.0,1,0,False
17515,29,5,963.49,4,4,3,Champions,0.0,5,0,True
17516,13,1,182.62,5,2,1,Potential,0.0,1,0,False
17518,60,2,329.42,3,3,2,Loyal,0.0,2,0,False
17519,3,10,3265.45,5,5,5,Champions,0.09090909090909091,10,1,True
17521,29,2,554.85,4,3,3,Loyal,0.0,2,0,False
17524,73,2,394.14,2,3,2,At Risk,0.3333333333333333,2,1,False
17525,32,2,739.2,4,3,3,Loyal,0.0,2,0,False
17526,0,9,2970.14,5,5,5,Champions,0.0,9,0,True
17529,245,2,1240.25,1,3,4,At Risk,0.0,2,0,False
17530,0,3,725.21,5,4,3,Champions,0.25,3,1,False
17531,162,2,970.12,2,3,3,At Risk,0.7142857142857143,2,5,False
17532,20,1,65.34,4,2,1,Potential,0.0,1,0,False
17533,69,1,34.8,3,2,1,Potential,0.0,1,0,False
17534,86,4,1445.47,2,4,4,At Risk,0.0,4,0,False
17536,55,2,288.33,3,3,2,Loyal,0.0,2,0,False
17539,252,4,1176.84,1,4,4,At Risk,0.42857142857142855,4,3,False
17540,18,4,1011.7,4,4,4,Champions,0.0,4,0,True
17541,144,1,119.86,2,2,1,Lost,0.0,1,0,False
17542,276,2,170.1,1,3,1,At Risk,0.0,2,0,False
17543,184,1,120.05,1,2,1,Lost,0.0,1,0,False
17544,25,3,944.82,4,4,3,Champions,0.0,3,0,True
17545,25,3,767.54,4,4,3,Champions,0.0,3,0,True
17547,10,2,727.85,5,3,3,Loyal,0.5,2,2,False
17548,13,3,627.96,5,4,3,Champions,0.25,3,1,False
17550,32,6,2239.48,4,5,5,Champions,0.14285714285714285,6,1,True
17552,7,10,2154.88,5,5,5,Champions,0.16666666666666666,10,2,True
17553,107,3,2270.0,2,4,5,At Risk,0.0,3,0,False
17555,60,3,565.43,3,4,3,Loyal,0.0,3,0,False
17556,14,1,142.77,5,2,1,Potential,0.0,1,0,False
17557,367,1,34.0,1,2,1,Lost,0.0,1,0,False
17558,28,1,259.17,4,2,2,Potential,0.0,1,0,False
17559,147,1,167.62,2,2,1,Lost,0.0,1,0,False
17560,30,4,1040.85,4,4,4,Champions,0.0,4,0,True
17561,25,3,537.9,4,4,3,Champions,0.0,3,0,True
17563,213,2,392.38,1,3,2,At Risk,0.6,2,3,False
17565,221,1,131.83,1,2,1,Lost,0.0,1,0,False
17567,7,2,1024.55,5,3,4,Loyal,0.0,2,0,False
17568,268,1,374.45,1,2,2,Lost,0.0,1,0,False
17571,177,1,205.23999999999998,1,2,1,Lost,0.0,1,0,False
17572,8,7,496.26000000000005,5,5,2,Champions,0.0,7,0,True
17575,302,1,171.7,1,2,1,Lost,0.0,1,0,False
17576,0,23,5260.42,5,5,5,Champions,0.041666666666666664,23,1,True
17577,280,2,348.75,1,3,2,At Risk,0.0,2,0,False
17578,109,6,903.87,2,5,3,At Risk,0.25,6,2,False
17579,213,1,304.38,1,2,2,Lost,0.0,1,0,False
17580,11,2,325.3,5,3,2,Loyal,0.0,2,0,False
17581,7,20,7712.71,5,5,5,Champions,0.16666666666666666,20,4,True
17582,81,4,1271.68,2,4,4,At Risk,0.2,4,1,False
17583,195,1,135.95,1,2,1,Lost,0.0,1,0,False
17584,102,4,4067.12,2,4,5,At Risk,0.0,4,0,False
17585,80,3,948.03,2,4,3,At Risk,0.0,3,0,False
17586,254,1,167.4,1,2,1,Lost,0.0,1,0,False
17587,263,1,173.76,1,2,1,Lost,0.0,1,0,False
17588,31,4,1699.35,4,4,4,Champions,0.3333333333333333,4,2,False
17589,20,14,11403.35,4,5,5,Champions,0.17647058823529413,14,3,True
17591,2,2,519.95,5,3,3,Loyal,0.0,2,0,False
17592,373,1,148.3,1,2,1,Lost,0.5,1,1,False
17593,44,6,4168.46,3,5,5,Loyal,0.3333333333333333,6,3,False
17594,84,2,1504.7,2,3,4,At Risk,0.0,2,0,False
17596,3,7,2075.7400000000002,5,5,4,Champions,0.125,7,1,True
17597,53,4,1439.72,3,4,4,Loyal,0.3333333333333333,4,2,False
17598,16,1,409.98,4,2,2,Potential,0.0,1,0,False
17599,112,1,52.05,2,2,1,Lost,0.6666666666666666,1,2,False
17601,15,1,296.65,4,2,2,Potential,0.0,1,0,False
17602,107,8,2300.01,2,5,5,At Risk,0.2,8,2,False
17603,252,3,1393.66,1,4,4,At Risk,0.5,3,3,False
17604,57,4,633.02,3,4,3,Loyal,0.0,4,0,False
17605,225,1,160.75,1,2,1,Lost,0.0,1,0,False
17606,372,1,87.30000000000001,1,2,1,Lost,0.0,1,0,False
17607,11,1,333.81,5,2,2,Potential,0.0,1,0,False
17608,84,2,296.07,2,3,2,At Risk,0.0,2,0,False
17609,37,6,777.0799999999999,3,5,3,Loyal,0.25,6,2,False
17610,175,5,1511.94,2,4,4,At Risk,0.375,5,3,False
17611,56,13,4326.41,3,5,5,Loyal,0.13333333333333333,13,2,False
17612,14,12,3346.41,5,5,5,Champions,0.45454545454545453,12,10,False
17615,22,3,392.2,4,4,2,Champions,0.25,3,1,False
17616,2,2,489.59999999999997,5,3,2,Loyal,0.0,2,0,False
17617,193,1,385.19,1,2,2,Lost,0.5,1,1,False
17618,18,8,3071.36,4,5,5,Champions,0.2,8,2,False
17621,39,3,1795.22,3,4,4,Loyal,0.25,3,1,False
17622,232,2,1130.21,1,3,4,At Risk,0.3333333333333333,2,1,False
17623,44,6,1838.72,3,5,4,Loyal,0.0,6,0,False
17624,72,2,725.15,2,3,3,At Risk,0.0,2,0,False
17625,81,4,3958.5,2,4,5,At Risk,0.0,4,0,False
17626,237,1,254.0,1,2,2,Lost,0.0,1,0,False
17627,113,1,296.36,2,2,2,Lost,0.5,1,1,False
17629,23,2,641.4,4,3,3,Loyal,0.0,2,0,False
17631,9,4,470.16,5,4,2,Champions,0.0,4,0,True
17633,14,3,732.55,5,4,3,Champions,0.0,3,0,True
17635,59,3,1265.58,3,4,4,Loyal,0.25,3,1,False
17638,282,2,842.4,1,3,3,At Risk,0.0,2,0,False
17639,22,5,506.67,4,4,3,Champions,0.0,5,0,True
17640,14,5,2547.28,5,4,5,Champions,0.2857142857142857,5,2,False
17642,64,3,1112.2,3,4,4,Loyal,0.0,3,0,False
17643,8,2,439.7,5,3,2,Loyal,0.0,2,0,False
17644,29,9,3132.96,4,5,5,Champions,0.18181818181818182,9,2,True
17646,0,10,3141.4,5,5,5,Champions,0.23076923076923078,10,3,False
17647,304,2,198.6,1,3,1,At Risk,0.0,2,0,False
17648,20,1,418.87,4,2,2,Potential,0.0,1,0,False
17649,104,2,710.4,2,3,3,At Risk,0.3333333333333333,2,1,False
17651,133,6,1758.52,2,5,4,At Risk,0.14285714285714285,6,1,False
17655,1,3,1013.54,5,4,4,Champions,0.0,3,0,True
17657,65,1,126.0,3,2,1,Potential,0.0,1,0,False
17659,7,3,835.33,5,4,3,Champions,0.25,3,1,False
17660,372,1,163.47,1,2,1,Lost,0.0,1,0,False
17662,296,2,412.92,1,3,2,At Risk,0.0,2,0,False
17663,52,10,3372.92,3,5,5,Loyal,0.2857142857142857,10,4,False
17664,109,2,561.59,2,3,3,At Risk,0.0,2,0,False
17665,128,1,563.1,2,2,3,Lost,0.0,1,0,False
17666,112,3,1319.6399999999999,2,4,4,At Risk,0.0,3,0,False
17667,70,4,1895.19,2,4,4,At Risk,0.42857142857142855,4,3,False
17669,97,3,2735.63,2,4,5,At Risk,0.0,3,0,False
17671,0,2,830.63,5,3,3,Loyal,0.0,2,0,False
17672,52,5,2600.46,3,4,5,Loyal,0.0,5,0,False
17673,10,7,2578.91,5,5,5,Champions,0.125,7,1,True
17674,3,1,300.66,5,2,2,Potential,0.0,1,0,False
17675,2,40,17885.32,5,5,5,Champions,0.21568627450980393,40,11,False
17676,1,5,1378.16,5,4,4,Champions,0.2857142857142857,5,2,False
17677,1,28,20329.68,5,5,5,Champions,0.46153846153846156,28,24,False
17678,238,1,301.65,1,2,2,Lost,0.5,1,1,False
17679,156,5,1585.5,2,4,4,At Risk,0.4444444444444444,5,4,False
17680,18,2,313.05,4,3,2,Loyal,0.3333333333333333,2,1,False
17681,232,5,731.2,1,4,3,At Risk,0.16666666666666666,5,1,False
17682,3,6,1982.45,5,5,4,Champions,0.0,6,0,True
17683,20,3,819.01,4,4,3,Champions,0.0,3,0,True
17685,7,6,2751.64,5,5,5,Champions,0.25,6,2,False
17686,58,2,2557.35,3,3,5,Loyal,0.0,2,0,False
17687,55,1,432.68,3,2,2,Potential,0.0,1,0,False
17688,28,1,304.2,4,2,2,Potential,0.5,1,1,False
17689,23,2,317.08,4,3,2,Loyal,0.0,2,0,False
17690,1,8,2685.2,5,5,5,Champions,0.0,8,0,True
17691,3,3,489.65000000000003,5,4,2,Champions,0.25,3,1,False
17692,31,8,2234.86,4,5,5,Champions,0.1111111111111111,8,1,True
17694,146,2,1412.85,2,3,4,At Risk,0.0,2,0,False
17695,29,3,980.7,4,4,3,Champions,0.25,3,1,False
17696,17,19,5393.88,4,5,5,Champions,0.4411764705882353,19,15,False
17699,111,2,442.0,2,3,2,At Risk,0.0,2,0,False
17700,16,10,4145.33,4,5,5,Champions,0.16666666666666666,10,2,True
17702,18,2,1319.67,4,3,4,Loyal,0.5,2,2,False
17703,53,1,296.1,3,2,2,Potential,0.0,1,0,False
17705,90,2,260.38,2,3,2,At Risk,0.0,2,0,False
17706,1,17,10245.49,5,5,5,Champions,0.2916666666666667,17,7,False
17707,11,6,456.90000000000003,5,5,2,Champions,0.14285714285714285,6,1,True
17708,37,2,620.85,3,3,3,Loyal,0.0,2,0,False
17709,105,4,533.56,2,4,3,At Risk,0.0,4,0,False
17710,58,1,293.5,3,2,2,Potential,0.0,1,0,False
17713,17,4,1198.09,4,4,4,Champions,0.0,4,0,True
17714,59,4,1257.18,3,4,4,Loyal,0.5,4,4,False
17715,227,1,163.2,1,2,1,Lost,0.0,1,0,False
17716,31,13,10300.98,4,5,5,Champions,0.13333333333333333,13,2,True
17717,56,1,376.92,3,2,2,Potential,0.0,1,0,False
17718,279,1,299.83,1,2,2,Lost,0.5,1,1,False
17720,2,7,1572.97,5,5,4,Champions,0.2222222222222222,7,2,False
17721,294,1,307.21000000000004,1,2,2,Lost,0.0,1,0,False
17722,1,2,2006.32,5,3,4,Loyal,0.0,2,0,False
17723,10,1,102.0,5,2,1,Potential,0.0,1,0,False
17726,30,7,1092.06,4,5,4,Champions,0.125,7,1,True
17728,39,2,1362.75,3,3,4,Loyal,0.3333333333333333,2,1,False
17729,231,1,438.65000000000003,1,2,2,Lost,0.0,1,0,False
17730,17,7,2475.32,4,5,5,Champions,0.125,7,1,True
17731,256,2,468.88,1,3,2,At Risk,0.0,2,0,False
17732,7,8,2166.42,5,5,5,Champions,0.2,8,2,False
17734,160,3,741.69,2,4,3,At Risk,0.0,3,0,False
17735,2,8,4134.91,5,5,5,Champions,0.2727272727272727,8,3,False
17738,30,9,2304.51,4,5,5,Champions,0.1,9,1,True
17739,9,11,4939.24,5,5,5,Champions,0.08333333333333333,11,1,True
17740,24,6,426.9,4,5,2,Champions,0.0,6,0,True
17741,41,2,101.1,3,3,1,Loyal,0.0,2,0,False
17742,63,9,1743.3700000000001,3,5,4,Loyal,0.0,9,0,False
17743,83,1,229.2,2,2,1,Lost,0.5,1,1,False
17744,15,1,326.74,4,2,2,Potential,0.0,1,0,False
17745,112,2,600.34,2,3,3,At Risk,0.0,2,0,False
17746,106,3,793.9300000000001,2,4,3,At Risk,0.4,3,2,False
17748,162,1,358.15,2,2,2,Lost,0.0,1,0,False
17749,181,1,351.66,1,2,2,Lost,0.0,1,0,False
17751,56,1,157.85999999999999,3,2,1,Potential,0.0,1,0,False
17753,99,4,382.06,2,4,2,At Risk,0.2,4,1,False
17754,9,8,2786.57,5,5,5,Champions,0.2,8,2,False
17756,10,3,728.75,5,4,3,Champions,0.0,3,0,True
17757,3,28,3773.11,5,5,5,Champions,0.0967741935483871,28,3,True
17758,62,4,1555.83,3,4,4,Loyal,0.0,4,0,False
17759,28,2,441.92,4,3,2,Loyal,0.0,2,0,False
17760,8,5,631.34,5,4,3,Champions,0.16666666666666666,5,1,True
17762,91,1,129.75,2,2,1,Lost,0.0,1,0,False
17763,288,3,71.15,1,4,1,At Risk,0.25,3,1,False
17764,37,3,741.02,3,4,3,Loyal,0.0,3,0,False
17765,83,1,156.37,2,2,1,Lost,0.0,1,0,False
17766,16,2,299.61,4,3,2,Loyal,0.0,2,0,False
17767,45,1,141.85,3,2,1,Potential,0.0,1,0,False
17768,22,4,1210.83,4,4,4,Champions,0.2,4,1,False
17769,18,7,3095.95,4,5,5,Champions,0.2222222222222222,7,2,False
17771,71,2,141.6,2,3,1,At Risk,0.0,2,0,False
17772,27,1,187.3,4,2,1,Potential,0.0,1,0,False
17773,149,2,575.37,2,3,3,At Risk,0.0,2,0,False
17774,32,5,2059.1,4,4,4,Champions,0.16666666666666666,5,1,True
17776,21,2,329.3,4,3,2,Loyal,0.3333333333333333,2,1,False
17778,296,1,197.70000000000002,1,2,1,Lost,0.0,1,0,False
17780,302,3,346.56,1,4,2,At Risk,0.0,3,0,False
17782,17,2,679.02,4,3,3,Loyal,0.0,2,0,False
17783,147,1,93.49,2,2,1,Lost,0.0,1,0,False
17784,185,1,112.86,1,2,1,Lost,0.0,1,0,False
17785,80,2,271.44,2,3,2,At Risk,0.0,2,0,False
17787,6,1,736.28,5,2,3,Potential,0.0,1,0,False
17789,296,1,171.25,1,2,1,Lost,0.0,1,0,False
17790,13,6,815.11,5,5,3,Champions,0.0,6,0,True
17792,102,2,368.35,2,3,2,At Risk,0.0,2,0,False
17794,321,2,147.3,1,3,1,At Risk,0.0,2,0,False
17796,4,4,661.04,5,4,3,Champions,0.0,4,0,True
17797,30,5,1191.44,4,4,4,Champions,0.0,5,0,True
17798,216,1,172.17,1,2,1,Lost,0.0,1,0,False
17799,24,10,3207.76,4,5,5,Champions,0.16666666666666666,10,2,True
17801,86,3,770.03,2,4,3,At Risk,0.25,3,1,False
17802,7,8,3761.38,5,5,5,Champions,0.38461538461538464,8,5,False
17803,27,1,184.66,4,2,1,Potential,0.0,1,0,False
17804,11,3,383.78000000000003,5,4,2,Champions,0.0,3,0,True
17805,245,1,414.72,1,2,2,Lost,0.0,1,0,False
17807,30,3,437.87,4,4,2,Champions,0.0,3,0,True
17808,183,4,262.64,1,4,2,At Risk,0.0,4,0,False
17809,6,11,5925.4800000000005,5,5,5,Champions,0.08333333333333333,11,1,True
17810,303,2,343.21,1,3,2,At Risk,0.0,2,0,False
17811,9,8,1757.98,5,5,4,Champions,0.1111111111111111,8,1,True
17812,3,4,405.48,5,4,2,Champions,0.0,4,0,True
17814,10,2,1609.37,5,3,4,Loyal,0.0,2,0,False
17815,28,1,591.96,4,2,3,Potential,0.0,1,0,False
17816,0,3,75.76,5,4,1,Champions,0.0,3,0,True
17817,13,3,400.46999999999997,5,4,2,Champions,0.25,3,1,False
17818,372,1,124.78,1,2,1,Lost,0.0,1,0,False
17819,6,6,2907.65,5,5,5,Champions,0.0,6,0,True
17820,9,1,180.60999999999999,5,2,1,Potential,0.0,1,0,False
17821,41,1,334.62,3,2,2,Potential,0.0,1,0,False
17822,55,5,2154.08,3,4,5,Loyal,0.0,5,0,False
17823,56,2,449.25,3,3,2,Loyal,0.0,2,0,False
17825,233,4,701.96,1,4,3,At Risk,0.0,4,0,False
17826,9,1,133.34,5,2,1,Potential,0.0,1,0,False
17827,256,1,388.84,1,2,2,Lost,0.5,1,1,False
17829,44,4,3867.5,3,4,5,Loyal,0.2,4,1,False
17833,358,1,338.46000000000004,1,2,2,Lost,0.0,1,0,False
17834,49,2,689.6700000000001,3,3,3,Loyal,0.0,2,0,False
17838,0,10,3786.7000000000003,5,5,5,Champions,0.09090909090909091,10,1,True
17840,78,1,175.9,2,2,1,Lost,0.0,1,0,False
17841,0,91,29560.57,5,5,5,Champions,0.2777777777777778,91,35,False
17842,237,1,430.69,1,2,2,Lost,0.0,1,0,False
17843,46,1,114.92,3,2,1,Potential,0.0,1,0,False
17845,190,4,596.09,1,4,3,At Risk,0.0,4,0,False
17847,150,2,125.74000000000001,2,3,1,At Risk,0.0,2,0,False
17848,52,21,2637.26,3,5,5,Loyal,0.045454545454545456,21,1,False
17849,115,4,457.96000000000004,2,4,2,At Risk,0.0,4,0,False
17850,7,155,51208.87,5,5,5,Champions,0.0189873417721519,155,3,True
17851,57,6,1552.35,3,5,4,Loyal,0.0,6,0,False
17852,23,3,543.47,4,4,3,Champions,0.0,3,0,True
17853,42,3,1596.29,3,4,4,Loyal,0.0,3,0,False
17854,97,4,757.24,2,4,3,At Risk,0.0,4,0,False
17855,7,1,208.97,5,2,1,Potential,0.0,1,0,False
17857,0,2,1803.2,5,3,4,Loyal,0.0,2,0,False
17858,4,19,7614.24,5,5,5,Champions,0.09523809523809523,19,2,True
17860,3,4,717.39,5,4,3,Champions,0.0,4,0,True
17861,20,10,2990.41,4,5,5,Champions,0.23076923076923078,10,3,False
17862,20,3,923.99,4,4,3,Champions,0.0,3,0,True
17863,4,7,2585.2,5,5,5,Champions,0.0,7,0,True
17864,20,2,321.72,4,3,2,Loyal,0.0,2,0,False
17865,10,26,15785.87,5,5,5,Champions,0.2571428571428571,26,9,False
17866,119,2,805.3000000000001,2,3,3,At Risk,0.0,2,0,False
17867,45,9,419.18,3,5,2,Loyal,0.25,9,3,False
17868,21,1,227.15,4,2,1,Potential,0.0,1,0,False
17869,3,3,599.78,5,4,3,Champions,0.0,3,0,True
17870,1,2,1213.8,5,3,4,Loyal,0.0,2,0,False
17871,32,4,913.05,4,4,3,Champions,0.0,4,0,True
17872,16,1,235.87,4,2,1,Potential,0.0,1,0,False
17873,8,14,4621.32,5,5,5,Champions,0.06666666666666667,14,1,True
17875,323,1,167.1,1,2,1,Lost,0.0,1,0,False
17876,34,3,3424.02,4,4,5,Champions,0.0,3,0,True
17878,30,2,999.48,4,3,4,Loyal,0.0,2,0,False
17880,274,2,366.0,1,3,2,At Risk,0.0,2,0,False
17882,14,2,291.56,5,3,2,Loyal,0.0,2,0,False
17883,174,3,324.08,2,4,2,At Risk,0.25,3,1,False
17884,3,18,2320.92,5,5,5,Champions,0.14285714285714285,18,3,True
17886,72,3,703.27,2,4,3,At Risk,0.25,3,1,False
17888,9,17,1091.44,5,5,4,Champions,0.19047619047619047,17,4,True
17889,9,5,545.05,5,4,3,Champions,0.0,5,0,True
17894,1,11,1292.39,5,5,4,Champions,0.15384615384615385,11,2,True
17897,2,8,1921.9,5,5,4,Champions,0.1111111111111111,8,1,True
17898,87,2,147.12,2,3,1,At Risk,0.0,2,0,False
17901,156,2,149.7,2,3,1,At Risk,0.0,2,0,False
17902,181,1,216.39999999999998,1,2,1,Lost,0.0,1,0,False
17903,29,1,381.09000000000003,4,2,2,Potential,0.0,1,0,False
17905,8,10,1569.8799999999999,5,5,4,Champions,0.09090909090909091,10,1,True
17907,275,1,291.76,1,2,2,Lost,0.0,1,0,False
17908,8,5,1142.47,5,4,4,Champions,0.2857142857142857,5,2,False
17909,372,1,110.05,1,2,1,Lost,0.0,1,0,False
17910,361,1,261.7,1,2,2,Lost,0.0,1,0,False
17912,10,1,61.54,5,2,1,Potential,0.0,1,0,False
17913,35,12,3016.44,4,5,5,Champions,0.0,12,0,True
17915,186,1,225.78,1,2,1,Lost,0.0,1,0,False
17916,263,2,43.87,1,3,1,At Risk,0.0,2,0,False
17918,135,3,388.44,2,4,2,At Risk,0.0,3,0,False
17919,73,1,536.28,2,2,3,Lost,0.0,1,0,False
17920,3,39,20125.34,5,5,5,Champions,0.04878048780487805,39,2,True
17921,14,6,1574.13,5,5,4,Champions,0.25,6,2,False
17922,178,1,170.4,1,2,1,Lost,0.0,1,0,False
17923,162,2,289.5,2,3,2,At Risk,0.0,2,0,False
17924,8,2,574.2,5,3,3,Loyal,0.3333333333333333,2,1,False
17925,7,1,244.08,5,2,1,Potential,0.0,1,0,False
17926,79,3,638.2,2,4,3,At Risk,0.0,3,0,False
17927,356,1,294.0,1,2,2,Lost,0.0,1,0,False
17928,206,1,128.7,1,2,1,Lost,0.0,1,0,False
17929,22,8,2239.1,4,5,5,Champions,0.0,8,0,True
17930,28,8,2534.74,4,5,5,Champions,0.2,8,2,False
17931,32,12,2993.88,4,5,5,Champions,0.25,12,4,False
17933,267,1,105.99,1,2,1,Lost,0.0,1,0,False
17934,41,1,344.90000000000003,3,2,2,Potential,0.0,1,0,False
17935,35,5,540.35,4,4,3,Champions,0.16666666666666666,5,1,True
17938,55,1,144.29,3,2,1,Potential,0.0,1,0,False
17940,80,6,26286.75,2,5,5,At Risk,0.0,6,0,False
17941,225,3,1128.72,1,4,4,At Risk,0.0,3,0,False
17944,58,1,74.99,3,2,1,Potential,0.0,1,0,False
17945,331,3,359.5,1,4,2,At Risk,0.0,3,0,False
17949,6,73,51132.0,5,5,5,Champions,0.12048192771084337,73,10,True
17950,0,6,947.26,5,5,3,Champions,0.14285714285714285,6,1,True
17951,8,2,627.5400000000001,5,3,3,Loyal,0.0,2,0,False
17952,13,4,788.46,5,4,3,Champions,0.0,4,0,True
17953,175,1,148.67000000000002,2,2,1,Lost,0.0,1,0,False
17954,2,9,1616.38,5,5,4,Champions,0.35714285714285715,9,5,False
17955,290,2,392.6,1,3,2,At Risk,0.0,2,0,False
17958,363,1,465.42,1,2,2,Lost,0.0,1,0,False
17959,227,1,140.75,1,2,1,Lost,0.0,1,0,False
17960,157,2,61.300000000000004,2,3,1,At Risk,0.0,2,0,False
17961,7,62,1697.85,5,5,4,Champions,0.03125,62,2,True
17962,184,3,563.5,1,4,3,At Risk,0.25,3,1,False
17963,106,4,643.16,2,4,3,At Risk,0.0,4,0,False
17964,7,1,261.76,5,2,2,Potential,0.0,1,0,False
17965,0,17,4554.26,5,5,5,Champions,0.19047619047619047,17,4,True
17966,226,5,865.49,1,4,3,At Risk,0.0,5,0,False
17967,6,2,223.42,5,3,1,Loyal,0.0,2,0,False
17968,8,4,590.4399999999999,5,4,3,Champions,0.0,4,0,True
17969,137,18,2126.09,2,5,4,At Risk,0.28,18,7,False
17971,183,1,161.94,1,2,1,Lost,0.0,1,0,False
17974,16,3,1035.1,4,4,4,Champions,0.0,3,0,True
17975,1,12,2527.17,5,5,5,Champions,0.07692307692307693,12,1,True
17976,7,1,321.79,5,2,2,Potential,0.0,1,0,False
17977,35,1,1223.31,4,2,4,Potential,0.5,1,1,False
17978,0,4,1159.99,5,4,4,Champions,0.0,4,0,True
17980,28,1,201.27,4,2,1,Potential,0.0,1,0,False
17981,45,1,239.12,3,2,1,Potential,0.0,1,0,False
17982,315,1,138.18,1,2,1,Lost,0.0,1,0,False
17983,30,1,171.71,4,2,1,Potential,0.0,1,0,False
17984,27,4,996.01,4,4,4,Champions,0.0,4,0,True
17987,11,4,766.87,5,4,3,Champions,0.2,4,1,False
17988,122,6,284.57,2,5,2,At Risk,0.0,6,0,False
17989,14,1,207.32999999999998,5,2,1,Potential,0.0,1,0,False
17990,15,3,896.77,4,4,3,Champions,0.25,3,1,False
17991,226,1,205.3,1,2,1,Lost,0.0,1,0,False
17992,24,1,252.88,4,2,2,Potential,0.0,1,0,False
17993,252,1,225.99,1,2,1,Lost,0.0,1,0,False
17994,23,7,1589.1399999999999,4,5,4,Champions,0.125,7,1,True
17995,17,2,419.38,4,3,2,Loyal,0.0,2,0,False
17996,14,3,469.73,5,4,2,Champions,0.0,3,0,True
17998,15,3,639.24,4,4,3,Champions,0.25,3,1,False
17999,1,2,338.41,5,3,2,Loyal,0.0,2,0,False
18000,199,1,124.25,1,2,1,Lost,0.0,1,0,False
18001,84,4,509.01,2,4,3,At Risk,0.0,4,0,False
18002,10,4,237.62,5,4,1,Champions,0.0,4,0,True
18003,11,1,353.51,5,2,2,Potential,0.0,1,0,False
18006,16,3,524.83,4,4,3,Champions,0.0,3,0,True
18007,27,1,215.22,4,2,1,Potential,0.0,1,0,False
18008,50,14,17642.89,3,5,5,Loyal,0.0,14,0,False
18009,177,7,1896.84,1,5,4,At Risk,0.4166666666666667,7,5,False
18011,8,2,410.79,5,3,2,Loyal,0.0,2,0,False
18012,358,1,115.3,1,2,1,Lost,0.0,1,0,False
18016,45,2,476.90000000000003,3,3,2,Loyal,0.0,2,0,False
18017,66,1,165.0,3,2,1,Potential,0.0,1,0,False
18018,34,2,175.85,4,3,1,Loyal,0.3333333333333333,2,1,False
18020,178,1,190.48000000000002,1,2,1,Lost,0.5,1,1,False
18021,144,2,216.41,2,3,1,At Risk,0.0,2,0,False
18022,20,4,893.9,4,4,3,Champions,0.0,4,0,True
18025,14,6,1177.72,5,5,4,Champions,0.0,6,0,True
18026,135,2,2074.07,2,3,4,At Risk,0.0,2,0,False
18028,218,1,192.05,1,2,1,Lost,0.0,1,0,False
18029,277,1,433.77,1,2,2,Lost,0.0,1,0,False
18031,13,1,451.3,5,2,2,Potential,0.0,1,0,False
18034,10,1,334.67,5,2,2,Potential,0.0,1,0,False
18035,20,2,546.34,4,3,3,Loyal,0.0,2,0,False
18036,20,8,1142.37,4,5,4,Champions,0.0,8,0,True
18037,56,9,97.39999999999999,3,5,1,Loyal,0.0,9,0,False
18038,191,1,141.48,1,2,1,Lost,0.0,1,0,False
18039,9,4,548.22,5,4,3,Champions,0.0,4,0,True
18041,0,20,4536.29,5,5,5,Champions,0.047619047619047616,20,1,True
18042,176,1,116.1,1,2,1,Lost,0.0,1,0,False
18043,1,1,287.91,5,2,2,Potential,0.0,1,0,False
18044,22,8,1417.01,4,5,4,Champions,0.0,8,0,True
18046,284,1,189.63,1,2,1,Lost,0.0,1,0,False
18047,16,2,326.09,4,3,2,Loyal,0.0,2,0,False
18048,128,1,222.64,2,2,1,Lost,0.0,1,0,False
18049,72,2,500.5,2,3,3,At Risk,0.0,2,0,False
18050,28,1,337.66,4,2,2,Potential,0.0,1,0,False
18051,269,7,2282.28,1,5,5,At Risk,0.125,7,1,False
18052,199,1,10877.18,1,2,5,Lost,0.0,1,0,False
18053,160,2,271.05,2,3,2,At Risk,0.5,2,2,False
18054,27,1,176.5,4,2,1,Potential,0.0,1,0,False
18055,2,6,4381.78,5,5,5,Champions,0.0,6,0,True
18056,253,1,190.95,1,2,1,Lost,0.5,1,1,False
18057,28,3,1168.14,4,4,4,Champions,0.0,3,0,True
18058,176,2,603.9,1,3,3,At Risk,0.0,2,0,False
18060,43,2,1185.46,3,3,4,Loyal,0.0,2,0,False
18061,1,19,4369.56,5,5,5,Champions,0.05,19,1,True
18062,21,3,912.15,4,4,3,Champions,0.5,3,3,False
18063,25,2,186.60000000000002,4,3,1,Loyal,0.0,2,0,False
18064,81,9,3667.83,2,5,5,At Risk,0.3076923076923077,9,4,False
18065,23,14,3453.8,4,5,5,Champions,0.125,14,2,True
18066,21,2,1122.4,4,3,4,Loyal,0.0,2,0,False
18069,18,6,2439.78,4,5,5,Champions,0.0,6,0,True
18070,304,1,314.1,1,2,2,Lost,0.5,1,1,False
18071,0,5,975.63,5,4,3,Champions,0.0,5,0,True
18074,8,2,1019.44,5,3,4,Loyal,0.0,2,0,False
18075,9,10,3171.54,5,5,5,Champions,0.4117647058823529,10,7,False
18076,15,1,151.49,4,2,1,Potential,0.0,1,0,False
18077,1,8,1699.25,5,5,4,Champions,0.0,8,0,True
18078,60,2,389.40000000000003,3,3,2,Loyal,0.0,2,0,False
18079,126,1,590.78,2,2,3,Lost,0.0,1,0,False
18083,32,1,463.53,4,2,2,Potential,0.0,1,0,False
18084,18,2,704.75,4,3,3,Loyal,0.3333333333333333,2,1,False
18085,8,3,955.8000000000001,5,4,3,Champions,0.0,3,0,True
18087,14,15,10705.8,5,5,5,Champions,0.0625,15,1,True
18089,81,1,428.45,2,2,2,Lost,0.0,1,0,False
18090,56,1,321.9,3,2,2,Potential,0.0,1,0,False
18091,228,1,360.85,1,2,2,Lost,0.0,1,0,False
18092,0,8,7111.18,5,5,5,Champions,0.1111111111111111,8,1,True
18093,79,4,2346.19,2,4,5,At Risk,0.0,4,0,False
18094,81,6,3374.2200000000003,2,5,5,At Risk,0.25,6,2,False
18095,62,3,1723.04,3,4,4,Loyal,0.0,3,0,False
18096,77,3,789.1,2,4,3,At Risk,0.0,3,0,False
18097,20,5,1965.52,4,4,4,Champions,0.2857142857142857,5,2,False
18098,31,1,527.94,4,2,3,Potential,0.0,1,0,False
18100,185,1,451.56,1,2,2,Lost,0.0,1,0,False
18101,9,3,399.61,5,4,2,Champions,0.0,3,0,True
18102,0,89,349164.35,5,5,5,Champions,0.05319148936170213,89,5,True
18103,184,1,105.8,1,2,1,Lost,0.0,1,0,False
18106,111,5,1019.16,2,4,4,At Risk,0.0,5,0,False
18107,77,1,165.88,2,2,1,Lost,0.0,1,0,False
18108,231,2,577.8100000000001,1,3,3,At Risk,0.0,2,0,False
18109,4,13,1828.24,5,5,4,Champions,0.13333333333333333,13,2,True
18110,46,1,193.48000000000002,3,2,1,Potential,0.0,1,0,False
18111,224,1,405.85,1,2,2,Lost,0.5,1,1,False
18112,53,2,420.67,3,3,2,Loyal,0.0,2,0,False
18113,3,1,76.32000000000001,5,2,1,Potential,0.0,1,0,False
18115,332,1,9.700000000000001,1,2,1,Lost,0.0,1,0,False
18116,11,5,731.38,5,4,3,Champions,0.0,5,0,True
18118,4,4,1068.05,5,4,4,Champions,0.2,4,1,False
18119,2,1,180.7,5,2,1,Potential,0.0,1,0,False
18123,148,1,92.2,2,2,1,Lost,0.0,1,0,False
18124,107,1,102.65,2,2,1,Lost,0.0,1,0,False
18127,38,1,209.05,3,2,1,Potential,0.0,1,0,False
18128,172,1,399.29,2,2,2,Lost,0.0,1,0,False
18131,266,1,222.95999999999998,1,2,1,Lost,0.0,1,0,False
18132,139,1,220.13,2,2,1,Lost,0.0,1,0,False
18134,233,2,445.0,1,3,2,At Risk,0.0,2,0,False
18135,27,5,567.71,4,4,3,Champions,0.375,5,3,False
18136,44,2,847.03,3,3,3,Loyal,0.6,2,3,False
18137,186,2,145.99,1,3,1,At Risk,0.0,2,0,False
18140,108,1,536.41,2,2,3,Lost,0.0,1,0,False
18141,36,2,882.47,3,3,3,Loyal,0.3333333333333333,2,1,False
18144,8,8,2169.25,5,5,5,Champions,0.0,8,0,True
18145,17,7,2748.19,4,5,5,Champions,0.125,7,1,True
18148,281,1,112.85000000000001,1,2,1,Lost,0.0,1,0,False
18149,39,4,941.88,3,4,3,Loyal,0.0,4,0,False
18151,55,4,1226.09,3,4,4,Loyal,0.2,4,1,False
18152,281,1,426.69,1,2,2,Lost,0.0,1,0,False
18153,294,1,246.22,1,2,1,Lost,0.0,1,0,False
18154,23,3,533.41,4,4,3,Champions,0.0,3,0,True
18156,4,1,186.88,5,2,1,Potential,0.0,1,0,False
18157,206,1,213.9,1,2,1,Lost,0.0,1,0,False
18160,21,1,365.82,4,2,2,Potential,0.0,1,0,False
18161,14,1,184.41,5,2,1,Potential,0.0,1,0,False
18162,367,1,371.51,1,2,2,Lost,0.0,1,0,False
18163,219,1,728.84,1,2,3,Lost,0.5,1,1,False
18166,258,1,175.5,1,2,1,Lost,0.0,1,0,False
18168,7,11,2538.7599999999998,5,5,5,Champions,0.26666666666666666,11,4,False
18170,9,6,1897.69,5,5,4,Champions,0.0,6,0,True
18171,105,4,1206.0,2,4,4,At Risk,0.0,4,0,False
18172,22,32,9905.56,4,5,5,Champions,0.15789473684210525,32,6,True
18173,247,1,589.52,1,2,3,Lost,0.0,1,0,False
18174,238,1,58.5,1,2,1,Lost,0.0,1,0,False
18175,310,1,176.1,1,2,1,Lost,0.0,1,0,False
18177,195,3,875.45,1,4,3,At Risk,0.0,3,0,False
18178,37,7,4512.93,3,5,5,Loyal,0.2222222222222222,7,2,False
18179,157,2,754.38,2,3,3,At Risk,0.0,2,0,False
18181,35,4,821.49,4,4,3,Champions,0.3333333333333333,4,2,False
18182,98,1,291.13,2,2,2,Lost,0.0,1,0,False
18186,357,1,329.58,1,2,2,Lost,0.0,1,0,False
18187,266,1,724.89,1,2,3,Lost,0.6666666666666666,1,2,False
18188,65,3,1279.55,3,4,4,Loyal,0.25,3,1,False
18189,260,1,313.49,1,2,2,Lost,0.5,1,1,False
18190,238,3,461.16,1,4,2,At Risk,0.0,3,0,False
18191,112,1,321.59999999999997,2,2,2,Lost,0.0,1,0,False
18193,15,2,963.59,4,3,3,Loyal,0.3333333333333333,2,1,False
18194,73,5,3188.2000000000003,2,4,5,At Risk,0.0,5,0,False
18195,22,1,101.16,4,2,1,Potential,0.0,1,0,False
18196,106,2,768.64,2,3,3,At Risk,0.0,2,0,False
18197,210,1,230.1,1,2,1,Lost,0.5,1,1,False
18199,318,1,344.75,1,2,2,Lost,0.5,1,1,False
18201,357,1,447.53000000000003,1,2,2,Lost,0.0,1,0,False
18203,16,3,322.1,4,4,2,Champions,0.0,3,0,True
18206,188,1,314.65999999999997,1,2,2,Lost,0.0,1,0,False
18207,134,1,544.47,2,2,3,Lost,0.6666666666666666,1,2,False
18208,200,1,360.08,1,2,2,Lost,0.0,1,0,False
18210,17,1,147.45,4,2,1,Potential,0.0,1,0,False
18212,312,1,298.3,1,2,2,Lost,0.0,1,0,False
18214,165,4,1780.34,2,4,4,At Risk,0.2,4,1,False
18215,72,4,1933.15,2,4,4,At Risk,0.2,4,1,False
18217,148,2,323.29,2,3,2,At Risk,0.5,2,2,False
18218,231,2,479.91999999999996,1,3,2,At Risk,0.0,2,0,False
18219,3,8,1493.1200000000001,5,5,4,Champions,0.1111111111111111,8,1,True
18220,29,5,1616.48,4,4,4,Champions,0.4444444444444444,5,4,False
18221,25,1,383.33,4,2,2,Potential,0.5,1,1,False
18223,22,12,7516.31,4,5,5,Champions,0.52,12,13,False
18225,0,15,7539.84,5,5,5,Champions,0.21052631578947367,15,4,False
18226,13,15,6650.83,5,5,5,Champions,0.375,15,9,False
18227,119,1,295.0,2,2,2,Lost,0.5,1,1,False
18229,1,10,3526.81,5,5,5,Champions,0.0,10,0,True
18230,13,2,1480.8600000000001,5,3,4,Loyal,0.3333333333333333,2,1,False
18231,41,23,4776.5,3,5,5,Loyal,0.041666666666666664,23,1,False
18234,186,1,179.6,1,2,1,Lost,0.0,1,0,False
18236,23,6,913.11,4,5,3,Champions,0.0,6,0,True
18238,150,1,270.92,2,2,2,Lost,0.0,1,0,False
18239,7,2,588.75,5,3,3,Loyal,0.0,2,0,False
18241,50,4,913.9,3,4,3,Loyal,0.2,4,1,False
18242,80,4,1372.72,2,4,4,At Risk,0.0,4,0,False
18243,49,1,515.78,3,2,3,Potential,0.0,1,0,False
18244,65,2,568.64,3,3,3,Loyal,0.0,2,0,False
18245,14,13,3757.92,5,5,5,Champions,0.13333333333333333,13,2,True
18246,244,1,162.72,1,2,1,Lost,0.0,1,0,False
18247,49,3,839.73,3,4,3,Loyal,0.5,3,3,False
18251,80,8,21964.14,2,5,5,At Risk,0.0,8,0,False
18252,183,5,1015.42,1,4,4,At Risk,0.16666666666666666,5,1,False
18253,277,1,317.88,1,2,2,Lost,0.0,1,0,False
18254,216,1,267.9,1,2,2,Lost,0.0,1,0,False
18255,91,1,199.85,2,2,1,Lost,0.0,1,0,False
18256,22,1,110.7,4,2,1,Potential,0.0,1,0,False
18257,81,4,2247.52,2,4,5,At Risk,0.3333333333333333,4,2,False
18258,99,6,2059.67,2,5,4,At Risk,0.25,6,2,False
18259,1,5,1979.6000000000001,5,4,4,Champions,0.0,5,0,True
18260,9,17,7318.91,5,5,5,Champions,0.2916666666666667,17,7,False
18262,28,2,428.06,4,3,2,Loyal,0.0,2,0,False
18264,133,1,603.25,2,2,3,Lost,0.0,1,0,False
18266,69,1,251.1,3,2,2,Potential,0.0,1,0,False
18267,307,1,269.37,1,2,2,Lost,0.5,1,1,False
18268,226,5,1464.73,1,4,4,At Risk,0.16666666666666666,5,1,False
18269,1,1,168.6,5,2,1,Potential,0.0,1,0,False
18270,67,1,161.4,3,2,1,Potential,0.0,1,0,False
18271,244,2,680.85,1,3,3,At Risk,0.0,2,0,False
18272,183,3,1307.4,1,4,4,At Risk,0.25,3,1,False
18273,225,1,153.0,1,2,1,Lost,0.0,1,0,False
18275,213,2,741.85,1,3,3,At Risk,0.0,2,0,False
18276,27,5,1320.66,4,4,4,Champions,0.2857142857142857,5,2,False
18277,32,4,1069.67,4,4,4,Champions,0.3333333333333333,4,2,False
18278,39,1,240.3,3,2,1,Potential,0.0,1,0,False
18279,154,1,231.33999999999997,2,2,1,Lost,0.0,1,0,False
18280,29,1,307.55,4,2,2,Potential,0.5,1,1,False
18281,212,1,120.32,1,2,1,Lost,0.0,1,0,False
18283,17,6,619.37,4,5,3,Champions,0.0,6,0,True
18284,66,1,461.68,3,2,2,Potential,0.5,1,1,False
18285,295,1,427.0,1,2,2,Lost,0.0,1,0,False
18286,111,2,1296.43,2,3,4,At Risk,0.3333333333333333,2,1,False
18287,17,4,2345.71,4,4,5,Champions,0.2,4,1,False
